original-id,name-tr,name-alt-tr,address-tr,country-tr,province-tr,district-tr,sub-district-tr,locality-tr,street-tr,street-side-tr,house,address-add-tr,landmark-tr,lon,lat,phone,url,rubric-id,working-time,actualization-date,rubric-keys,source-url,rubric-tr,chain-id
,AYDIN PETROL   ( 10/014 ),,ŞARKÖY - (PAFTA: 29-27-J ADA:- PARSEL: 743) BURHANİYE/BALIKESİR,Türkiye, Balıkesir,,,,,,,,,26.978055,39.486388,+90 (266) 4127372,http://www.bpet.com.tr/tr/bayilerimiz/66/aydin-petrol,,,,,,,
,MÜRSEL BOZTEPE   ( 10/010 ),,HAMİDİYE MAHALLESİ AKÇAY CAD. NO:75  EDREMİT/ BALIKESİR,Türkiye, Balıkesir,,,,,,,,,27.009166,39.597500,+90 (376) 3241312,http://www.bpet.com.tr/tr/bayilerimiz/65/mursel-boztepe,,,,,,,
,ALİ UÇAR   ( 10/006 ),,ÜÇEYLÜL MAHAELLESİ BALIKESİR YOLU 3.KM DURSUNBEY/ BALIKESİR,Türkiye, Balıkesir,,,,,,,,,28.603176,39.577255,+90 (266) 6626223,http://www.bpet.com.tr/tr/bayilerimiz/64/ali-ucar,,,,,,,
,MEHMET ÖZKAN   ( 02/056 ),,ŞAMBAYAT NAH.İNÖNÜ MAHALLESİ ATATÜRK BULVARI NO.159/4 (PARSEL:2566 ) BESNİ/ ADIYAMAN,Türkiye, Adıyaman,,,,,,,,,38.061623,37.683687,+90 (416) 2134105,http://www.bpet.com.tr/tr/bayilerimiz/722/mehmet-ozkan,,,,,,,
,ASTEK AKARYAKIT   ( 02/055 ),,Ş.URFA YOLU 40.KM. KUYULU KÖYÜ ( PARSEL:1061) MERKEZ/ ADIYAMAN,Türkiye, Adıyaman,,,,,,,,,38.223888,37.496666,+90 (414) 7116830,http://www.bpet.com.tr/tr/bayilerimiz/33/astek-akaryakit,,,,,,,
,YAMANPET AKARYAKIT   ( 02/057 ),,ADIYAMAN GÖLBAŞI KARAYOLU 8. KM. YARMAKAYA KÖYÜ ( PARSEL:1709 ) MERKEZ/ ADIYAMAN,Türkiye, Adıyaman,,,,,,,,,38.183888,37.723611,+90 (416) 2232146,http://www.bpet.com.tr/tr/bayilerimiz/17/yamanpet-akaryakit,,,,,,,
,DENİZ PETROL   ( 02/053 ),,ADIYAMAN GÖLBAŞI KARAYOLU 5.KM ÖZEL EVLER YANI (PARSEL NO.6) ADIYAMAN,Türkiye, Adıyaman,,,,,,,,,38.199444,37.727777,+90 (416) 2232260,http://www.bpet.com.tr/tr/bayilerimiz/38/deniz-petrol,,,,,,,
,ÖZERLER PETROL   ( 04/006 ),,CUMHURİYET MAHALLESİ DOĞUBEYAZIT YOLU ÜZERİ 261 ADA PARSEL CADDE HANİBABA SOKAK NO: 96(PAFTA: - ADA: 261 PARSEL:2,Türkiye, Ağrı,,,,,,,,,43.060833,39.719056,+90 () ,http://www.bpet.com.tr/tr/bayilerimiz/45/ozerler-petrol,,,,,,,
,ŞEREF AYDEMİR   ( 04/004 ),,CUMHURİYET MAHALLESİ ÇEVRE YOLU/ AĞRI,Türkiye, Ağrı,,,,,,,,,43.080269,39.711773,+90 (472) 2159221,http://www.bpet.com.tr/tr/bayilerimiz/44/seref-aydemir,,,,,,,
,VOLKANPET PETROL   ( 05/009 ),,BUĞDAYLI MAHALLESİ YOLARASI MEVKİİ MERAY KAVŞAĞI NO: 15 05300 (PAFTA: 26.27.J.K ADA: 672 PARSEL: 31) MERZİFON/ AMASYA,Türkiye, Amasya,,,,,,,,,35.424440,40.863595,+90 (324) 4513303,http://www.bpet.com.tr/tr/bayilerimiz/652/volkanpet-petrol,,,,,,,
,Ç.P. PETROL   ( 15/007 ),,ÇEŞME MAH. FETHİYE CADDESİ NO:14 SÖĞÜT KASABASI (PAFTA:N23-C4IIID ADA: PARSEL:4377) ÇAVDIR/ BURDUR,Türkiye, Burdur,,,,,,,,,29.819764,37.017569,+90 (248) 4878009,http://www.bpet.com.tr/tr/bayilerimiz/655/cp-petrol,,,,,,,
,NURİ BAYIR   ( 15/002 ),,MEKEZ MAH. DENİZLİ CAD. NO: 44 YEŞİLOVA/ BURDUR,Türkiye, Burdur,,,,,,,,,29.751111,37.508611,+90 (248) 6181004,http://www.bpet.com.tr/tr/bayilerimiz/71/nuri-bayir,,,,,,,
,ER AKARYAKIT   ( 16/007 ),,AZATLI BELDESİ CUMHURİYET MAHALLESİ NO: 78 MUSTAFAKEMALPAŞA / BURSA,Türkiye, Bursa,,,,,,,,,28.405833,40.072500,+90 (224) 6332095,http://www.bpet.com.tr/tr/bayilerimiz/76/er-akaryakit,,,,,,,
,ÖZ GÖL PETROL   ( 16/011 ),,SEYRAN KÖYÜ YANIKDEĞİRMEN MEVKİİ ( PAFTA:6 PARSEL: 3144) KARACABEY/ BURSA,Türkiye, Bursa,,,,,,,,,28.487104,40.232644,+90 (224) 6877309,http://www.bpet.com.tr/tr/bayilerimiz/654/oz-gol-petrol,,,,,,,
,AYDER AKARYAKIT   ( 81/020 ),,BEYCİLER MAHALLESİ 1709. SOKAĞI NO:1/A-B-C(ADA:474PAFTA:34H2APARSEL:15) MERKEZ/ DÜZCE,Türkiye, Düzce,,,,,,,,,31.151388,40.867222,+90 (380) 5262226,http://www.bpet.com.tr/tr/bayilerimiz/409/ayder-akaryakit,,,,,,,
,KARAKÜTÜKLER PETROL   ( 09/009 ),,ARSLANLI CUMHURİYET MAHALLESİ BAHÇE EVLERİ SOKAK NO:24 (PAFTA: M20B08D2C ADA: - PARSEL: 2545 ) NAZİLLİ/AYDIN,Türkiye, Aydın,,,,,,,,,28.370555,37.913611,+90 (258) 3720555,http://www.bpet.com.tr/tr/bayilerimiz/62/karakutukler-petrol,,,,,,,
,VOLKAN PETROL   ( 09/008 ),,ESKİÇİNE KÖYÜ TÜRKLERBELENİ MEVKİİ (PARSEL: 1030) ÇİNE/AYDIN,Türkiye, Aydın,,,,,,,,,28.063046,37.549418,+90 (256) 7242033,http://www.bpet.com.tr/tr/bayilerimiz/61/volkan-petrol,,,,,,,
,SABİTOĞLU PETROL   ( 81/019 ),,YAZIPINAR MAHALLESİ ŞEHİT ERCAN CADDESİ BAĞLANTI YOLU NO:1 ( PAFTA:1  PARSEL:551-373 ) GÖLYAKA/ DÜZCE,Türkiye, Düzce,,,,,,,,,30.995393,40.797505,+90 (216) 5052255,http://www.bpet.com.tr/tr/bayilerimiz/719/sabitoglu-petrol,,,,,,,
,HARUN REŞİT DURMAZ   ( 80/019 ),,ÇIRAZ MAHALLESİ MİMAR SİNAN CADDESİ NO:66 (PAFTA:- ADA:- PARSEL:1379) ELLEK / DÜZİÇİ / OSMANİYE,Türkiye, Osmaniye,,,,,,,,,36.401388,37.208055,+90 (328) 8827199,http://www.bpet.com.tr/tr/bayilerimiz/400/harun-resit-durmaz,,,,,,,
,KENAN YALÇIN   ( 80/018 ),,KAYALI KÖYÜ D-400 KARAYOLU ÜZERİ (ADA:4 PAFTA:1-2 PARSEL:4 )MERKEZ / OSMANİYE,Türkiye, Osmaniye,,,,,,,,,36.363055,37.150000,+90 (328) 8342740,http://www.bpet.com.tr/tr/bayilerimiz/402/kenan-yalcin,,,,,,,
,F-B PETROL   ( 80/013 ),,D-400 KARAYOLU ÜSTÜ TÜYSÜZ BELDESİ YOLÇATI LOKANTASI BİTİŞİĞİ TOPRAKKALE/OSMANİYE,Türkiye, Osmaniye,,,,,,,,,36.111388,37.061388,+90 (328) 8268646,http://www.bpet.com.tr/tr/bayilerimiz/405/f-b-petrol,,,,,,,
,ALMILA PETROL   ( 80/012 ),,CENGİZ TOPEL MAHALLESİ OSMANİYE BULVARI NO:391 KADİRLİ/OSMANİYE,Türkiye, Osmaniye,,,,,,,,,36.075555,37.343888,+90 (328) 7188514,http://www.bpet.com.tr/tr/bayilerimiz/404/almila-petrol,,,,,,,
,CK PETROL   ( 80/011 ),,ŞEHİT KANSU KÜÇÜKATEŞ MAH. KARACA ALİ CAD. NO:1  KADİRLİ /OSMANİYE,Türkiye, Osmaniye,,,,,,,,,36.061944,37.365833,+90 (328) 7188029,http://www.bpet.com.tr/tr/bayilerimiz/403/ck-petrol,,,,,,,
,ÇAKIROĞLU AKARYAKIT   ( 81/017 ),,ÇAYBÜKÜ KÖYÜ ANKARA CD. NO: 102 (PAFTA: G25B15C4A-D ADA: 281 PARSEL: 2) GÜMÜŞOVA DÜZCE,Türkiye, Düzce,,,,,,,,,30.880555,40.920000,+90 (380) 7312017,http://www.bpet.com.tr/tr/bayilerimiz/410/cakiroglu-akaryakit,,,,,,,
,ULU ÇINAR PETROL   ( 81/018 ),,DOKUZDEĞİRMEN KÖYÜ NO:25/1 (ADA:552  PAFTA:8  PARSEL: -) CUMAYERİ/ DÜZCE,Türkiye, Düzce,,,,,,,,,30.950120,40.908170,+90 (380) 7426162,http://www.bpet.com.tr/tr/bayilerimiz/656/ulu-cinar-petrol,,,,,,,
,KAMİL ÖZTÜRK   ( 81/002 ),,ORHANGAZİ  MAH. DÜZCE  CAD NO:50 YIĞILCA  / DÜZCE,Türkiye, Düzce,,,,,,,,,31.439129,40.957255,+90 (380) 6514597,http://www.bpet.com.tr/tr/bayilerimiz/408/kamil-ozturk,,,,,,,
,ÖZ GÜNEŞ AKARYAKIT   ( 12/006 ),,YEŞİLOVA MAHALLESİ ŞEHİT MEHMET TÜRKSEVER BULVARI (PAFTA:0 D 4 ADA:250 PARSEL:1) SOLHAN / BİNGÖL,Türkiye, Bingöl,,,,,,,,,41.000239,38.953827,+90 () ,http://www.bpet.com.tr/tr/bayilerimiz/69/oz-gunes-akaryakit,,,,,,,
,TURHANLAR PETROL   ( 12/005 ),,SARAY MAH. ELAZIĞ-MUŞ YOLU ÜZERİ/ BİNGÖL,Türkiye, Bingöl,,,,,,,,,40.510862,38.897227,+90 (426) 2131852,http://www.bpet.com.tr/tr/bayilerimiz/68/turhanlar-petrol,,,,,,,
,ER AKARYAKIT   ( 16/006 ),,AYAZ KÖYÜ GİRİŞİ MUSTAFAKEMALPAŞA / BURSA,Türkiye, Bursa,,,,,,,,,28.485000,40.095277,+90 (224) 6359166,http://www.bpet.com.tr/tr/bayilerimiz/75/er-akaryakit,,,,,,,
,GÖL PETROL   ( 16/003 ),,BURSA KARACABEY YOLU ÜZERİ SUBAŞI KÖYÜ ŞOŞEALTI MEVKİİ KARACABEY / BURSA,Türkiye, Bursa,,,,,,,,,28.531944,40.225833,+90 (224) 6877309,http://www.bpet.com.tr/tr/bayilerimiz/74/gol-petrol,,,,,,,
,EMİN BAPUN   ( 05/007 ),,DEĞİRMENÇAY MEVKİİ MERKEZ MAH. NO: 53 (PAFTA: 20 ADA: 65 PARSEL: 35) GÖYNÜCEK/ AMASYA,Türkiye, Amasya,,,,,,,,,35.534613,40.397855,+90 (362) 5520517,http://www.bpet.com.tr/tr/bayilerimiz/50/emin-bapun,,,,,,,
,YAVUZLAR PETROL   ( 05/002 ),,CUMARA MAH. İSTANBUL YOLU CADDESİ NO:13 GÜMÜŞHACIKÖY/AMASYA,Türkiye, Amasya,,,,,,,,,35.223055,40.880833,+90 (358) 7171725,http://www.bpet.com.tr/tr/bayilerimiz/46/yavuzlar-petrol,,,,,,,
,ÖZALPEREN PETROL   ( 80/017 ),,DÖĞENLİ MAH. HÜKÜMET CAD. NO: 2 (PAFTA: 12 ADA: - PARSEL: 597) SUMBAS OSMANİYE,Türkiye, Osmaniye,,,,,,,,,36.026389,37.444167,+90 (328) 7848432,http://www.bpet.com.tr/tr/bayilerimiz/406/ozalperen-petrol,,,,,,,
,AVŞAR PETROL   ( 07/017 ),,BURUNUCU MAHALLESİ24a20 PAFTA 1031 PARSEL/ANTALYA,Türkiye, Antalya,,,,,,,,,30.211004,36.342361,+90 (242) 8656466,http://www.bpet.com.tr/tr/bayilerimiz/743/avsar-petrol,,,,,,,
,AKSPET PETROL   ( 07/016 ),,ALANYA YOLU ÜZERİ 8.KM (PARSEL:802 ) MANAVGAT/ ANTALYA,Türkiye, Antalya,,,,,,,,,31.523746,36.748422,+90 () ,http://www.bpet.com.tr/tr/bayilerimiz/694/akspet-petrol,,,,,,,
,HBS PETROL   ( 07/015 ),,ÇOMAKLI KASABASI ÖZALTI MEVKİİ KORKUTELİ ASFALTI ÜZERİ (PAFTA: 14 PARSEL: 3896) KORKUTELİ/ ANTALYA,Türkiye, Antalya,,,,,,,,,30.315355,37.277683,+90 (242) 6625333,http://www.bpet.com.tr/tr/bayilerimiz/657/hbs-petrol,,,,,,,
,KÜÇÜKTEKİN PETROL   ( 07/014 ),,KIZILCADAĞ KÖYÜ AŞAĞI MEVKİİ NO:66/1 (ADA:- PAFTA:- PARSEL:1770) KORKUTELİ/ ANTALYA,Türkiye, Antalya,,,,,,,,,29.952370,37.012591,+90 (242) 6558032,http://www.bpet.com.tr/tr/bayilerimiz/668/kucuktekin-petrol,,,,,,,
,ALAEDDİN YALÇIN   ( 07/013 ),,ANTALYA-BURDUR KARAYOLU ÜZERİ 54.KM NO:47/17 BADEMAĞACI KASABASI (PAFTA:-ADA:-PARSEL:2479) DÖŞEMEALTI/ ANTALYA,Türkiye, Antalya,,,,,,,,,30.501869,37.230407,+90 (242) 6625333,http://www.bpet.com.tr/tr/bayilerimiz/658/alaeddin-yalcin,,,,,,,
,GENÇLER PETROL   ( 07/011 ),,DAĞBELİ BELDESİ/ ANTALYA,Türkiye, Antalya,,,,,,,,,30.506657,37.219848,+90 (242) 4382332,http://www.bpet.com.tr/tr/bayilerimiz/653/gencler-petrol,,,,,,,
,SS.36 NOLU DÖŞEMEALTI YENİKÖY KOOPERATİFİ   ( 07/009 ),,BIYIKLI KÖYÜ NO:7/2 DÖŞEMEALTI / ANTALYA,Türkiye, Antalya,,,,,,,,,30.598015,37.116909,+90 (242) 4123205,http://www.bpet.com.tr/tr/bayilerimiz/59/ss36-nolu-dosemealti-yenikoy-kooperatifi,,,,,,,
,CEYLAN PETROL   ( 07/006 ),,YEŞİLBAYIR BELDESİ ANTALYA-BURDUR KARAYOLU ÜZERİ 18.KM ANTALYA,Türkiye, Antalya,,,,,,,,,30.630000,37.018333,+90 (242) 4433031,http://www.bpet.com.tr/tr/bayilerimiz/57/ceylan-petrol,,,,,,,
,AKAN PETROL   ( 07/002 ),,ALTINOVA MAH.SERİK CAD. ÜZERİ NO:10 ÇALKAYA BELDESİ ANTALYA,Türkiye, Antalya,,,,,,,,,30.845277,36.947222,+90 (242) 4263031,http://www.bpet.com.tr/tr/bayilerimiz/54/akan-petrol,,,,,,,
,SİNKAR AKARYAKIT   ( 02/052 ),,ONUR MAH. KAHTA YOLU SİNCİK GİRİŞİ (ADA:155 PAFTA:3 C 41 A 23 PARSEL:2) SİNCİK ADIYAMAN,Türkiye, Adıyaman,,,,,,,,,38.618889,38.024444,+90 (416) 4212258,http://www.bpet.com.tr/tr/bayilerimiz/37/sinkar-akaryakit,,,,,,,
,ŞAN AKARYAKIT   ( 02/049 ),,ÇAT MH.ÇEVRE YOLU YİBO KARŞISI BESNİ / ADIYAMAN,Türkiye, Adıyaman,,,,,,,,,37.876482,37.684788,+90 (416) 2653101,http://www.bpet.com.tr/tr/bayilerimiz/34/san-akaryakit,,,,,,,
,HARUN AKARYAKIT   ( 02/047 ),,ÖRENLİ MAH. MALATYA CAD. NO: 410 (ADA: 54 PARSEL: 6) ADIYAMAN,Türkiye, Adıyaman,,,,,,,,,38.305469,37.805677,+90 (416) 2251239,http://www.bpet.com.tr/tr/bayilerimiz/32/harun-akaryakit,,,,,,,
,YAKUP TAŞ   ( 02/046 ),,BÖRGENEK KÖYÜ MERKEZ/ ADIYAMAN,Türkiye, Adıyaman,,,,,,,,,38.093403,37.688248,+90 (416) 2653101,http://www.bpet.com.tr/tr/bayilerimiz/31/yakup-tas,,,,,,,
,ADIYAMAN İPEK AKARYAKIT   ( 02/045 ),,YENİ MALATYA YOLU ÜZERİ YEŞİLYURT MAHALLESİ /ADIYAMAN,Türkiye, Adıyaman,,,,,,,,,38.300833,37.786111,+90 (416) 2252635,http://www.bpet.com.tr/tr/bayilerimiz/30/adiyaman-ipek-akaryakit,,,,,,,
,GÖZEBAŞI PETROL   ( 02/038 ),,GÖZEBAŞI KÖYÜ NO.44 (PARSEL NO:1285) / ADIYAMAN,Türkiye, Adıyaman,,,,,,,,,38.399444,37.780833,+90 (416) 2168225,http://www.bpet.com.tr/tr/bayilerimiz/28/gozebasi-petrol,,,,,,,
,CAN ÖZDOĞANLAR PETROL   ( 02/037 ),,HAYDARLI KÖYÜ GÖLBAŞI ADIYAMAN,Türkiye, Adıyaman,,,,,,,,,37.500277,37.594444,+90 (416) 7962134,http://www.bpet.com.tr/tr/bayilerimiz/27/can-ozdoganlar-petrol,,,,,,,
,VEZİRHAN PETROL   ( 02/034 ),,CİRİTMEYDAN MAH. GAZİANTEP CAD. BESNİ/ ADIYAMAN,Türkiye, Adıyaman,,,,,,,,,37.851944,37.695277,+90 (416) 3110704,http://www.bpet.com.tr/tr/bayilerimiz/26/vezirhan-petrol,,,,,,,
,HACI ÇOBAN   ( 02/027 ),,KONUKLU KÖYÜ İZNİK MEVKİİ BESNİ/ADIYAMAN,Türkiye, Adıyaman,,,,,,,,,37.907500,37.583888,+90 (416) 3961215,http://www.bpet.com.tr/tr/bayilerimiz/24/haci-coban,,,,,,,
,ÇEVRE NAZAR PETROL   ( 02/026 ),,GÖLBAŞI PAZARCIK YOLU 13.KM ÇELİK KÖYÜ MEVKİİ GÖLBAŞI/ADIYAMAN,Türkiye, Adıyaman,,,,,,,,,37.543333,37.698333,+90 (416) 2137219,http://www.bpet.com.tr/tr/bayilerimiz/23/cevre-nazar-petrol,,,,,,,
,KARATAŞ PETROL   ( 02/013 ),,BAHÇECİK MAH. ESKİ SAMSAT CAD. NO:100 ADIYAMAN,Türkiye, Adıyaman,,,,,,,,,38.298611,37.753055,+90 (416) 2134034,http://www.bpet.com.tr/tr/bayilerimiz/20/karatas-petrol,,,,,,,
,HAKAN PETROL   ( 02/003 ),,İZOLU MEZRASI AKDURAK KÖYÜ BESNİ/ADIYAMAN,Türkiye, Adıyaman,,,,,,,,,37.935277,37.523055,+90 (416) 3342172,http://www.bpet.com.tr/tr/bayilerimiz/16/hakan-petrol,,,,,,,
,TÜRKOĞLU PETROL    ( 06/025 ),,CUMHURİYET MAHALLESİ MAHALLESİ ANKARA BULVARI BULVARI NO:422 ( ADA:-  PAFTA:-  PARSEL:- ) ÇUBUK / ANKARA,Türkiye, Ankara,,,,,,,,,33.021660,40.183002,+90 () ,http://www.bpet.com.tr/tr/bayilerimiz/742/turkoglu-petrol,,,,,,,
,YAKUP AKTAŞ   ( 06/019 ),,MODERİN MAH. SEMİZ CAD. NO: 62 EVREN/ ANKARA,Türkiye, Ankara,,,,,,,,,33.814678,39.025589,+90 (382) 3312014,http://www.bpet.com.tr/tr/bayilerimiz/52/yakup-aktas,,,,,,,
,ÖZ ÖZTOP AKARYAKIT   ( 06/018 ),,BEŞTEPELER MAH. KONYA DEVLET YOLU NO.78/A ANKARA,Türkiye, Ankara,,,,,,,,,32.811111,39.917777,+90 (312) 2240474,http://www.bpet.com.tr/tr/bayilerimiz/51/oz-oztop-akaryakit,,,,,,,
,ÇİFTBAŞAK AKARYAKIT   ( 03/012 ),,BUCAK MAH.BOLVADİN YOLU 2 KM (PAFTA NO:9 PARSEL NO.3913) ÇOBANLAR /AFYONKARAHİSAR,Türkiye, Afyon,,,,,,,,,30.805000,38.705277,+90 (272) 2612700,http://www.bpet.com.tr/tr/bayilerimiz/42/ciftbasak-akaryakit,,,,,,,
,KARAKOL KARDEŞLER AKARYAKIT   ( 03/010 ),,YENİ MAHALLE  İNÖNÜ CADDESİ PAZAR YANI NO.22 TINAZTEPE KASABASI SİNANPAŞA / AFYONKARAHİSAR,Türkiye, Afyon,,,,,,,,,30.375277,38.730555,+90 (272) 3222144,http://www.bpet.com.tr/tr/bayilerimiz/41/karakol-kardesler-akaryakit,,,,,,,
,KAPET PETROL   ( 01/047 ),,YILANKALE MAHALLESİ YILANKALE D-400 BULVARI NO:117 IŞYERİ NO:Z2  PARSEL:575 CEYHAN/ ADANA,Türkiye, Adana,,,,,,,,,35.735851,37.029011,+90 (322) 6468195,http://www.bpet.com.tr/tr/bayilerimiz/721/kapet-petrol,,,,,,,
,NECATİLER PETROL   ( 01/046 ),,ŞEHİT SÜLEYMAN KILINÇ BUL. NO:1 ZEYTİNBELİ KASABASI YUMURTALIK/ ADANA,Türkiye, Adana,,,,,,,,,35.750421,36.810980,+90 () ,http://www.bpet.com.tr/tr/bayilerimiz/700/necatiler-petrol,,,,,,,
,CELAL İNCELER   ( 01/045 ),,ADANA YOLU ÜZERİ TUFANLI  KOZAN/ADANA,Türkiye, Adana,,,,,,,,,35.774743,37.390400,+90 (322) 5392082,http://www.bpet.com.tr/tr/bayilerimiz/698/celal-inceler,,,,,,,
,ŞAR PETROL   ( 01/044 ),,CUMHURİYET MAHALLESİ CUMHURİYET BULVARI NO:16/(ADA:394 PARSEL:1) TUFANBEYLİ/ ADANA,Türkiye, Adana,,,,,,,,,36.219444,38.250278,+90 (322) 7818082,http://www.bpet.com.tr/tr/bayilerimiz/1/sar-petrol,,,,,,,
,ŞAH ÖZ DİYARBAKIR PETROL   ( 01/038 ),,KÜÇÜKDİKİLİ BELDESİ ŞEHİTLİK CADDESİ NO.126 SEYHAN ADANA,Türkiye, Adana,,,,,,,,,35.204722,37.004444,+90 (322) 4331289,http://www.bpet.com.tr/tr/bayilerimiz/11/sah-oz-diyarbakir-petrol,,,,,,,
,KUR-DEV PETROL   ( 01/032 ),,ŞEVKİYE MAHALLESİ SIRKINTI CADDESİ (1479 PAFTA 1 PARSEL) KOZAN / ADANA,Türkiye, Adana,,,,,,,,,35.779509,37.441889,+90 (322) 5158771,http://www.bpet.com.tr/tr/bayilerimiz/8/kur-dev-petrol,,,,,,,
,UTKU PETROL   ( 01/030 ),,TEPEKCİKÖREN KÖYÜ KOZAN/ADANA,Türkiye, Adana,,,,,,,,,35.629444,37.369444,+90 (322) 5382112,http://www.bpet.com.tr/tr/bayilerimiz/7/utku-petrol,,,,,,,
,EYVAN PETROL   ( 01/025 ),,19 MAYIS MAHALLESİ ÇUKUROVA CADDESİ N:266/A YÜREĞİR/ADANA,Türkiye, Adana,,,,,,,,,35.364438,36.980692,+90 (323) 3226363,http://www.bpet.com.tr/tr/bayilerimiz/5/eyvan-petrol,,,,,,,
,BELKIS PETROL   ( 01/024 ),,BURUK BELDESİ İSTİKLAL MAHALLESİ 3.CADDE N:1 YÜREĞİR/ADANA,Türkiye, Adana,,,,,,,,,35.430555,37.042777,+90 (322) 3414599,http://www.bpet.com.tr/tr/bayilerimiz/4/belkis-petrol,,,,,,,
,ÇETİNKAYA KARDEŞLER PETROL   ( 01/021 ),,BAŞPINAR MAHALLESİ ATATÜRK CADDESİ ÜZERİ FUTBOL SAHASI KUZEYİ ÇAKAL ÇUKURU MEVKİ İ ALADAĞ/ADANA,Türkiye, Adana,,,,,,,,,35.400833,37.539722,+90 (322) 3292484,http://www.bpet.com.tr/tr/bayilerimiz/3/cetinkaya-kardesler-petrol,,,,,,,
,İKİZLER AKARYAKIT   ( 76/005 ),,KARŞIYAKA MAH. ATATÜRK CAD. NO.40 ARALIK/ IĞDIR,Türkiye, Iğdır,,,,,,,,,44.515998,39.873356,+90 (476) 4112130,http://www.bpet.com.tr/tr/bayilerimiz/398/ikizler-akaryakit,,,,,,,
,OSMAN ÖZER   ( 74/003 ),,KAVAKLI KALDIRIM MAHALLESİ KAVAKLI CADDES NO:3 KUMLUCA (PAFTA:F28B09B2B ADA:128 PARSEL:44) ULUS / BARTIN,Türkiye, Bartın,,,,,,,,,32.445184,41.445065,+90 (378) 4466288,http://www.bpet.com.tr/tr/bayilerimiz/394/osman-ozer,,,,,,,
,ÖZ BALKAN PETROL   ( 73/033 ),,YENİ MAH. CİZRE CAD. NO : 71 / ŞIRNAK,Türkiye, Şırnak,,,,,,,,,42.444952,37.518421,+90 (486) 2161281,http://www.bpet.com.tr/tr/bayilerimiz/392/oz-balkan-petrol,,,,,,,
,SUNA PETROL   ( 72/020 ),,BEŞEVLER MAHALLESİ İPEK YOLU CADDESİ NO:1 ( ADA:618 PAFTA:L46C-09C-2 PARSEL:2 ) KOZLUK/ BATMAN,Türkiye, Batman,,,,,,,,,41.440261,38.170886,+90 (488) 2124545,http://www.bpet.com.tr/tr/bayilerimiz/707/suna-petrol,,,,,,,
,ORPAKLAR PETROL   ( 72/019 ),,BAYINDIR MAHALLESİ ODUNCULAR CADDESİ NO:2 ( ADA:255  PAFTA:19L-IA-1B  PARSEL:2 ) MERKEZ/ BATMAN,Türkiye, Batman,,,,,,,,,41.145688,37.87538,+90 (488) 2158011,http://www.bpet.com.tr/tr/bayilerimiz/696/orpaklar-petrol,,,,,,,
,YAYLA PETROL   ( 72/018 ),,CUMHURİYET MAHALLESİ AHMET ARİF BULVARI NO:150(ADA:365  PAFTA:20K-3B  PARSEL:1876) MERKEZ/ BATMAN,Türkiye, Batman,,,,,,,,,41.137500,37.886388,+90 () ,http://www.bpet.com.tr/tr/bayilerimiz/381/yayla-petrol,,,,,,,
,VURAL-HAN PETROL   ( 71/009 ),,BAHÇELİEVLER MAH.703/1 SOK.NO:29/A (PAFTA:-ADA:2187 PARSEL:6) / KIRIKKALE,Türkiye, Kırıkkale,,,,,,,,,33.511944,39.837777,+90 (318) 2187460,http://www.bpet.com.tr/tr/bayilerimiz/378/vural-han-petrol,,,,,,,
,DUDU TORUN   ( 68/024 ),,DEMİRCİ KASABASI KALEALTI MAHALLESİ AKSARAY CADDESİ NO:58 (PAFTA:L32B11D  PARSEL:11370 ) GÜLAĞAÇ/ AKSARAY,Türkiye, Aksaray,,,,,,,,,34.282222,38.373055,+90 (382) 4362069,http://www.bpet.com.tr/tr/bayilerimiz/366/dudu-torun,,,,,,,
,MEHMET CAN PETROL   ( 68/023 ),,BEBEK KÖYÜ HAN CİVARI (ADA:- PAFTA:L32A04C PARSEL:734) MERKEZ/ AKSARAY,Türkiye, Aksaray,,,,,,,,,34.199722,38.468333,+90 () ,http://www.bpet.com.tr/tr/bayilerimiz/364/mehmet-can-petrol,,,,,,,
,DEMİRKOLLAR PETROL   ( 67/001 ),,DAĞLAR KÖYÜ DEĞİRMENAĞZI MEVKİİ KDZ. EREĞLİ/ ZONGULDAK,Türkiye, Zonguldak,,,,,,,,,31.405387,41.240215,+90 (372) 3181900,http://www.bpet.com.tr/tr/bayilerimiz/363/demirkollar-petrol,,,,,,,
,MAHMUT ÖZTEKİN   ( 68/020 ),,OZANCIK KASABASI KARŞI MAHALLE İSTİKLAL CADDESİ (ADA: 132 PAFTA: K32D10D4A PARSEL: 1) ORTAKÖY/ AKSARAY,Türkiye, Aksaray,,,,,,,,,34.202510,38.661158,+90 (382) 3657683,http://www.bpet.com.tr/tr/bayilerimiz/373/mahmut-oztekin,,,,,,,
,EMRE PETROL   ( 64/004 ),,UŞAK İLİ SİVASLI İLÇESİ KÖKEZ KÖYÜ NO:158 PAFTA:K23.D.21.C.3.B ADA:122 PARSEL:1 UŞAK,Türkiye, Uşak,,,,,,,,,29.546667,38.507500,+90 (276) 6485458,http://www.bpet.com.tr/tr/bayilerimiz/357/emre-petrol,,,,,,,
,EMRE PETROL   ( 64/003 ),,ATATÜRK MAHALLESİ AĞA SOKAK NO:80 TATAR KASABASI (PAFTA: 28.K.II.D ADA: 304 PARSEL:5) SİVASLI/UŞAK,Türkiye, Uşak,,,,,,,,,29.654167,38.460556,+90 (276) 6485458,http://www.bpet.com.tr/tr/bayilerimiz/356/emre-petrol,,,,,,,
,AHMET YEŞİLDAĞ   ( 64/002 ),,EYREK MAHALLESİ VATAN CADDESİ NO:41 ULUBEY/ UŞAK,Türkiye, Uşak,,,,,,,,,29.380555,38.411666,+90 (276) 7266060,http://www.bpet.com.tr/tr/bayilerimiz/355/ahmet-yesildag,,,,,,,
,EREN DOĞAN PETROL   ( 62/002 ),,AKPAZAR NAHİYESİ KEPEKTAŞI KÖYÜ(PARSEL: 801) MAZGİRT/ TUNCELİ,Türkiye, Tunceli,,,,,,,,,39.720147,38.868933,+90 (428) 3135200,http://www.bpet.com.tr/tr/bayilerimiz/333/eren-dogan-petrol,,,,,,,
,HİLAL PETROL   ( 61/002 ),,ŞİNİK BELDESİ ŞİNİK MAHALLESİ DÜZKÖY CADDESİ ŞİNİK AKÇAABAT / TRABZON,Türkiye, Trabzon,,,,,,,,,39.501750,40.951684,+90 (462) 2626042,http://www.bpet.com.tr/tr/bayilerimiz/331/hilal-petrol,,,,,,,
,KARAGÖZ NİKSAR PETROL    ( 60/020 ),,CUMHURİYET MEYDANI BAŞÇİFTLİK/ TOKAT,Türkiye, Tokat,,,,,,,,,37.167244,40.546886,+90 () ,http://www.bpet.com.tr/tr/bayilerimiz/322/karagoz-niksar-petrol,,,,,,,
,ŞARKÖY PETROL   ( 59/004 ),,TERZİKÖY YOLU ÜZERİ ŞARKÖY/ TEKİRDAĞ,Türkiye, Tekirdağ,,,,,,,,,27.097770,40.615210,+90 (282) 5183716,http://www.bpet.com.tr/tr/bayilerimiz/727/sarkoy-petrol,,,,,,,
,Norm Petrol   ( 59/003 ),,GÖLCÜK MAHALLESİ SÖĞÜTLÜK (ADA:154  PAFTA:G18D07B2C  PARSEL:2) ŞARKÖY/ TEKİRDAĞ,Türkiye, Tekirdağ,,,,,,,,,27.095885,40.687289,+90 (282) 5241134,http://www.bpet.com.tr/tr/bayilerimiz/689/norm-petrol,,,,,,,
,SAĞLIK PETROL   ( 59/002 ),,MARMARACIK KÖYÜ ÇORLU / TEKİRDAĞ,Türkiye, Tekirdağ,,,,,,,,,27.734722,41.213333,+90 (282) 6555902,http://www.bpet.com.tr/tr/bayilerimiz/316/saglik-petrol,,,,,,,
,AYDINLAR PETROL   ( 60/030 ),,KÖKLÜCE KÖYÜ E-80 KARAYOLU KÖKLÜCE SOKAK NO:64  Ada:119  Pafta:42  Parsel:H37B05B3 ) NİKSAR / TOKAT,Türkiye, Tokat,,,,,,,,,36.991962,40.479277,+90 () ,http://www.bpet.com.tr/tr/bayilerimiz/323/aydinlar-petrol,,,,,,,
,BAYLAR PETROL   ( 60/029 ),,DÖKMETEPE KÖYÜ NO:134 60300 PAFTA:H36B16C  PARSEL:1104 ) TURHAL/ TOKAT,Türkiye, Tokat,,,,,,,,,36.284166,40.312222,+90 (356) 2832233,http://www.bpet.com.tr/tr/bayilerimiz/329/baylar-petrol,,,,,,,
,RUFEDDİN KILIÇ   ( 60/028 ),,GAZİOSMAN PAŞA MAHALLESİ NO:29 KARŞİYAKA KÜME EVLERİ (ADA:117  PAFTA:50-47.G  PARSEL:75) ARTOVA/ TOKAT,Türkiye, Tokat,,,,,,,,,36.308611,40.115000,+90 (356) 6112558,http://www.bpet.com.tr/tr/bayilerimiz/318/rufeddin-kilic,,,,,,,
,CEMALETTİN ERDOĞAN   ( 60/026 ),,ÇEVRE YOLU CADDESİ HASAN ŞEYH KASABASI (PAFTA: 3 PARSEL: 310) REŞADİYE / TOKAT,Türkiye, Tokat,,,,,,,,,37.511331,40.454940,+90 (356) 4613575,http://www.bpet.com.tr/tr/bayilerimiz/328/cemalettin-erdogan,,,,,,,
,AKBİLEK PETROL   ( 60/025 ),,G.O.P MAHALLESİ NO:60 (50.47.C/50.47.B.B PAFTA - 130 ADA - 29 PARSEL) ARTOVA / TOKAT,Türkiye, Tokat,,,,,,,,,36.304176,40.117264,+90 (356) 6113100,http://www.bpet.com.tr/tr/bayilerimiz/327/akbilek-petrol,,,,,,,
,OSMAN İÇTEN   ( 60/023 ),,SULUSARAY YOLU ÜZERİ NO:8 PAFTA:H36D26D PARSEL:2310 YEŞİLYURT / TOKAT,Türkiye, Tokat,,,,,,,,,36.225234,40.011021,+90 (356) 6312570,http://www.bpet.com.tr/tr/bayilerimiz/325/osman-icten,,,,,,,
,YÜCEL ERDOĞAN   ( 60/024 ),,KIZILCAÖREN KASABASI ATATÜRK MAHALLESİ ANA CADDE (PARSEL:421) REŞADİYE / TOKAT,Türkiye, Tokat,,,,,,,,,37.447184,40.474359,+90 (356) 4614010,http://www.bpet.com.tr/tr/bayilerimiz/326/yucel-erdogan,,,,,,,
,İÇTEN PETROL   ( 60/015 ),,G.O.P. MAHALLESİ SULUSARAY YOLU ÜZERİ YEŞİLYURT /TOKAT,Türkiye, Tokat,,,,,,,,,36.203333,40.008055,+90 (356) 6312117,http://www.bpet.com.tr/tr/bayilerimiz/319/icten-petrol,,,,,,,
,ALİ OSMAN KARATAŞ   ( 60/004 ),,BÖĞET KÖYÜ YEŞİLYURT TOKAT,Türkiye, Tokat,,,,,,,,,36.303611,40.028611,+90 (356) 6432267,http://www.bpet.com.tr/tr/bayilerimiz/317/ali-osman-karatas,,,,,,,
,BURAK GEZİCİ   ( 62/009 ),,Eltihatun Mahallesi Belediye Caddesi No:8 ( Ada:179  Pafta: -  Parsel:11 )MAZGİRT / TUNCELİ,Türkiye, Tunceli,,,,,,,,,39.603591,39.01874,+90 () ,http://www.bpet.com.tr/tr/bayilerimiz/669/burak-gezici,,,,,,,
,VOLKANPET PETROL   ( 62/008 ),,CUMHURİYE MAHALLESİ ORMAN IŞLETME MÜDÜRLÜĞÜ KARŞİSI ( ADA:233  PAFTA:16  PARSEL:16-19 ) TUNCELİ,Türkiye, Tunceli,,,,,,,,,39.546739,39.100657,+90 (428) 2125980,http://www.bpet.com.tr/tr/bayilerimiz/634/volkanpet-petrol,,,,,,,
,ORHAN YÜKSEL   ( 62/007 ),,BARIŞ MAH. TUNCELİ CAD. (ADA:92 PARSEL:1) NAZIMİYE/ TUNCELİ,Türkiye, Tunceli,,,,,,,,,39.824921,39.181640,+90 (428) 4112207,http://www.bpet.com.tr/tr/bayilerimiz/693/orhan-yuksel,,,,,,,
,ÖZ ÇAKAR PETROL   ( 63/079 ),,YOLBİLEN KÖYÜ AYAKLI KÖYÜ YOLU ÜZERİ (Ada: -  Pafta:.  Parsel:334) ŞANLIURFA,Türkiye, Şanlıurfa,,,,,,,,,39.740000,37.181388,+90 (414) 5118788,http://www.bpet.com.tr/tr/bayilerimiz/711/oz-cakar-petrol,,,,,,,
,BELİT AKARYAKIT   ( 63/077 ),,ŞANLIURFA AKÇAKALE YOLU 12. KM NO:0 KÜLÜNCEKÖYÜ MEVKİİ MERKEZ/ ŞANLIURFA,Türkiye, Şanlıurfa,,,,,,,,,38.862663,37.060695,+90 (414) 2544343,http://www.bpet.com.tr/tr/bayilerimiz/677/belit-akaryakit,,,,,,,
,BUCAK PETROL   ( 63/075 ),,ŞANLIURFA GAZİANTEP KARAYOLU 7. KM EVREN SANAYİ SİTESİ AKABE MEVKİİ ŞANLIURFA,Türkiye, Şanlıurfa,,,,,,,,,38.737447,37.141814,+90 (414) 3575051,http://www.bpet.com.tr/tr/bayilerimiz/354/bucak-petrol,,,,,,,
,AHMET YİĞİT   ( 63/074 ),,ŞEN MAHALLESAĞLIK OCAĞI CADDESİ NO:47 YUKARIGÖKLÜ (PAFTA: N39.B.20.B ADA: 122 PARSEL: 1) HALFETİ/ŞANLIURFA,Türkiye, Şanlıurfa,,,,,,,,,37.989722,37.333055,+90 (414) 7562383,http://www.bpet.com.tr/tr/bayilerimiz/353/ahmet-yigit,,,,,,,
,HADİ DİKEN   ( 63/072 ),,VİRANŞEHİR-ŞANLIURFA KARAYOLU ÜZERİ 9. KM TEPEDÜZÜ KÖYÜ MEVKİİ VİRANŞEHİR / ŞANLIURFA,Türkiye, Şanlıurfa,,,,,,,,,39.636322,37.225946,+90 () ,http://www.bpet.com.tr/tr/bayilerimiz/351/hadi-diken,,,,,,,
,PINAR PETROL   ( 63/070 ),,VİRANŞEHİR CADDESİ PINAR PETROL TESİSLERİ CEYLANPINAR / ŞANLIURFA,Türkiye, Şanlıurfa,,,,,,,,,40.044388,36.866006,+90 (414) 4714517,http://www.bpet.com.tr/tr/bayilerimiz/349/pinar-petrol,,,,,,,
,GÜMÜŞ PETROL   ( 63/067 ),,ŞEN MAH. SAĞLIK OCAĞI CAD. NO:90/A YUKARIGÖKLÜ HALFETİ/ŞANLIURFA,Türkiye, Şanlıurfa,,,,,,,,,37.988055,37.331111,+90 (414) 7562301,http://www.bpet.com.tr/tr/bayilerimiz/348/gumus-petrol,,,,,,,
,MUSTAFA GÜNDÜ PETROL   ( 63/065 ),,OSMANBEY R. TAYYİP ERDOĞAN BUL. NO:486 DAİRE NO:1 (PARSEL NO:271) /ŞANLIURFA,Türkiye, Şanlıurfa,,,,,,,,,38.963055,37.159722,+90 (414) 3138183,http://www.bpet.com.tr/tr/bayilerimiz/347/mustafa-gundu-petrol,,,,,,,
,YILMAZ KARDEŞLER PETROL   ( 63/060 ),,VİRANŞEHİR MARDİN KARAYOLU ÜZERİ 2. KM VİRANŞEHİR -ŞANLIURFA,Türkiye, Şanlıurfa,,,,,,,,,39.799166,37.227500,+90 (414) 5118066,http://www.bpet.com.tr/tr/bayilerimiz/346/yilmaz-kardesler-petrol,,,,,,,
,FIRAT KARDEŞLER PETROL   ( 63/052 ),,KARŞIYAKA MAH. KÖPRÜ YOLU CADDESİ NO:37 (104 ADA8 PARSEL) BİRECİK / ŞANLIURFA,Türkiye, Şanlıurfa,,,,,,,,,37.965825,37.029460,+90 (414) 6610808,http://www.bpet.com.tr/tr/bayilerimiz/344/firat-kardesler-petrol,,,,,,,
,BADILLI PETROL   ( 63/054 ),,GAP HAVAALANI YOLU  ÜZERİ HAMURKESEN MEVKİ (PARSEL;13) ŞANLIURFA,Türkiye, Şanlıurfa,,,,,,,,,38.838055,37.370277,+90 (414) 3656385,http://www.bpet.com.tr/tr/bayilerimiz/345/badilli-petrol,,,,,,,
,MEMOŞ PETROL   ( 63/051 ),,MARDİN YOLU 3.KM VİRANŞEHİR / ŞANLIURFA,Türkiye, Şanlıurfa,,,,,,,,,39.804717,37.226740,+90 (414) 5112994,http://www.bpet.com.tr/tr/bayilerimiz/343/memos-petrol,,,,,,,
,KARABIRCIK PETROL   ( 63/049 ),,FERİBOT YOLU 1. KM SİVEREK ŞANLIURFA,Türkiye, Şanlıurfa,,,,,,,,,39.288888,37.768055,+90 (414) 5523837,http://www.bpet.com.tr/tr/bayilerimiz/341/karabircik-petrol,,,,,,,
,ÖZÇELİKTENLER PETROL   ( 63/047 ),,YILDIRIM MAH. MIZAR YOLU NO:147 SURUÇ / ŞANLIURFA,Türkiye, Şanlıurfa,,,,,,,,,38.409722,36.974444,+90 (414) 6118483,http://www.bpet.com.tr/tr/bayilerimiz/340/ozceliktenler-petrol,,,,,,,
,PALMANAK PETROL   ( 63/043 ),,KELEŞABDİOĞLU MAH. E.5. KARAYOLU VİRANŞEHİR/ŞANLIURFA,Türkiye, Şanlıurfa,,,,,,,,,39.735706,37.226031,+90 (414) 5117117,http://www.bpet.com.tr/tr/bayilerimiz/338/palmanak-petrol,,,,,,,
,BOZKURT PETROL   ( 63/045 ),,DEMİREL YOLU ÜZERİ 2.KM. VİRANŞEHİR/ŞANLIURFA,Türkiye, Şanlıurfa,,,,,,,,,39.769444,37.260833,+90 (414) 5118807,http://www.bpet.com.tr/tr/bayilerimiz/339/bozkurt-petrol,,,,,,,
,BİLGİNLER PETROL   ( 63/040 ),,ŞANLIURFA-DİYARBAKIR KARAYOLU ÜZERİ 20.KM AKZİYARET/ŞANLIURFA,Türkiye, Şanlıurfa,,,,,,,,,38.798391,37.344690,+90 (414) 3633009,http://www.bpet.com.tr/tr/bayilerimiz/337/bilginler-petrol,,,,,,,
,KILIÇBEY PETROL   ( 63/017 ),,11 NİSAN CAD. NO:60 SURUÇ / ŞANLIURFA,Türkiye, Şanlıurfa,,,,,,,,,38.425555,36.978333,+90 (414) 6114009,http://www.bpet.com.tr/tr/bayilerimiz/336/kilicbey-petrol,,,,,,,
,DEMİR PETROL   ( 63/009 ),,KARACURUN MAH. İNÖNÜ CAD. NO:1 HİLVAN/Ş.URFA,Türkiye, Şanlıurfa,,,,,,,,,38.947172,37.578724,+90 (414) 6811499,http://www.bpet.com.tr/tr/bayilerimiz/635/demir-petrol,,,,,,,
,DİYARPET AKARYAKIT   ( 65/011 ),,EMİNPAŞA MAHALLESİ İPEKYOLU BULVARI NO:420/A ( PAFTA:VANL50B02820  PARSEL:1931 ) EDREMİT/ VAN,Türkiye, Van,,,,,,,,,43.328094,38.450237,+90 (432) 2271050,http://www.bpet.com.tr/tr/bayilerimiz/713/diyarpet-akaryakit,,,,,,,
,İNSA PETROL   ( 65/010 ),,BEYAZIT MAHALLESİ AĞRI YOLU ÜZERİ KARAYOLLARI BİTİŞİĞİ (ADA:445  PAFTA:30.30T  PARSEL:10) ERCİŞ/ VAN,Türkiye, Van,,,,,,,,,43.357777,39.034722,+90 (432) 3512874,http://www.bpet.com.tr/tr/bayilerimiz/674/insa-petrol,,,,,,,
,KERVAN PETROL   ( 65/003 ),,MERKEZ TABANLI KÖYÜ KÖY ALTI MEVKİİ / VAN,Türkiye, Van,,,,,,,,,43.352500,38.750277,+90 (432) 2165469,http://www.bpet.com.tr/tr/bayilerimiz/358/kervan-petrol,,,,,,,
,LİDER ERCİŞ AKARYAKIT   ( 65/006 ),,PATNOS-AĞRI YOLU ÜZERİ (PAFTA:7 ADA: PARSEL:67) ERCİŞ/VAN,Türkiye, Van,,,,,,,,,43.322984,39.058548,+90 (432) 3516265,http://www.bpet.com.tr/tr/bayilerimiz/360/lider-ercis-akaryakit,,,,,,,
,MUSTAFA ESİCİ   ( 65/008 ),,VAN - ERCİŞ KARAYOLU ÜZERİ GEDİKBULAK KÖYÜ TUZLA MEVKİİ / VAN,Türkiye, Van,,,,,,,,,43.447025,38.863247,+90 () ,http://www.bpet.com.tr/tr/bayilerimiz/361/mustafa-esici,,,,,,,
,BÜNYAMİN AKTAŞ   ( 68/019 ),,ŞEREFLİKOÇHİSAR YOLU ÇIKIŞI ZAFER MAHALLESİ AĞAÇÖREN/ AKSARAY,Türkiye, Aksaray,,,,,,,,,33.905756,38.868995,+90 (382) 3312014,http://www.bpet.com.tr/tr/bayilerimiz/372/bunyamin-aktas,,,,,,,
,UĞURAY AKARYAKIT   ( 68/013 ),,ZAFER MAH. KIRŞEHİR CAD.6 KM (PAFTA:K32A22C PARSEL :7695) ORTAKÖY/ AKSARAY,Türkiye, Aksaray,,,,,,,,,34.080277,38.757777,+90 (382) 3513329,http://www.bpet.com.tr/tr/bayilerimiz/368/uguray-akaryakit,,,,,,,
,MEVLÜT ORUÇ   ( 68/011 ),,CUMHURİYET MAH.KOÇLAR YAYLASI ESKİL / AKSARAY,Türkiye, Aksaray,,,,,,,,,33.284444,38.421111,+90 (382) 4165252,http://www.bpet.com.tr/tr/bayilerimiz/367/mevlut-oruc,,,,,,,
,DEMİRYÜREKLER PETROL    ( 68/006 ),,AKPINARYOLU ÜZERİ 2.KM ORTAKÖY/AKSARAY,Türkiye, Aksaray,,,,,,,,,34.022500,38.751666,+90 (382) 3515230,http://www.bpet.com.tr/tr/bayilerimiz/365/demiryurekler-petrol,,,,,,,
,SAMİ BAĞCACI   ( 70/010 ),,HABİB MAHALLESİ TURGUT ÖZAL CADDESİ NO:111 ( ADA:386  PAFTA:029C07D2A  PARSEL:39 ) GÜNEYYURT KASABASI ERMENEK/ KARAMAN,Türkiye, Karaman,,,,,,,,,32.816645,36.673977,+90 (338) 7368262,http://www.bpet.com.tr/tr/bayilerimiz/670/sami-bagcaci,,,,,,,
,YEŞİLDAŞ PETROL   ( 70/009 ),,ATATÜRK MAHALLESİ KARAMAN CADDESİ NO:4 ( ADA:474  PAFTA:30.L..4.D  PARSEL:1 ) AKÇAŞEHİR KASABASI MERKEZ/ KARAMAN,Türkiye, Karaman,,,,,,,,,33.491596,37.437835,+90 (338) 2312155,http://www.bpet.com.tr/tr/bayilerimiz/702/yesildas-petrol,,,,,,,
,ÖZŞEKER PETROL   ( 70/005 ),,SEYRAN MAHALLESİ MÜSTEŞAR LÜTFİ ELVAN CADDESİ KURUÇEŞME MEVKİİ 14.CAD. NO:60 (PAFTA:029C14D2B ADA:849 PARSEL:3) ERMENEK/KARAMAN,Türkiye, Karaman,,,,,,,,,32.919961,36.620760,+90 (338) 4412004,http://www.bpet.com.tr/tr/bayilerimiz/640/ozseker-petrol,,,,,,,
,TÜRKOĞLU PETROL   ( 70/008 ),,ÇARŞI MAHALLESİ ATATÜRK BULVARI NO:74/1(ADA:351 PARSEL:9) KILBASAN KASABASI  MERKEZ/KARAMAN,Türkiye, Karaman,,,,,,,,,33.195193,37.323295,+90 (332) 7695003,http://www.bpet.com.tr/tr/bayilerimiz/679/turkoglu-petrol,,,,,,,
,ÖZŞEKER PETROL   ( 70/004 ),,KARAKAYA MAH. MEVLANA CAD. NO:150 (029- D-03-C4 PAFTA373  ADA 1 PARSEL) SARIVELİLER / KARAMAN,Türkiye, Karaman,,,,,,,,,32.630000,36.709444,+90 (338) 4412004,http://www.bpet.com.tr/tr/bayilerimiz/376/ozseker-petrol,,,,,,,
,ÖZŞEKER PETROL   ( 70/001 ),,SEYRAN MAHALLESİ/MÜS.YRD.LÜTFİ ELVAN CAD./ERMENEK-KARAMAN,Türkiye, Karaman,,,,,,,,,32.942500,36.599166,+90 (338) 7164493,http://www.bpet.com.tr/tr/bayilerimiz/374/ozseker-petrol,,,,,,,
,MUSTAFA HÜSEYİN KALKAN   ( 70/003 ),,KAZANCI KASABASI ERMENEK / KARAMAN,Türkiye, Karaman,,,,,,,,,32.855555,36.503611,+90 (338) 7567525,http://www.bpet.com.tr/tr/bayilerimiz/375/mustafa-huseyin-kalkan,,,,,,,
,TÜRKMENOĞLU PETROL   ( 71/005 ),,KIRŞEHİR CAD. NO: 12 (855 ADA 2 PARSEL) KESKİN / KIRIKKALE,Türkiye, Kırıkkale,,,,,,,,,33.615555,39.672777,+90 (318) 2187460,http://www.bpet.com.tr/tr/bayilerimiz/379/turkmenoglu-petrol,,,,,,,
,ABDULVAHİT ORPAK   ( 72/017 ),,PAZARYERİ MAHALLESİ NERGİZ CADDESİ NO:174(ADA:269  PAFTA:21K-46  PARSEL:6) MERKEZ/ BATMAN,Türkiye, Batman,,,,,,,,,41.113431,37.903346,+90 (488) 2150108,http://www.bpet.com.tr/tr/bayilerimiz/383/abdulvahit-orpak,,,,,,,
,ALPHANLAR PETROL   ( 72/016 ),,KÜLTÜR MAH. TPAO BULVARI NO.158 (PAFTA NO.4 ADA NO.101 PARSEL NO.14) BATMAN,Türkiye, Batman,,,,,,,,,41.124305,37.905697,+90 (488) 2128560,http://www.bpet.com.tr/tr/bayilerimiz/387/alphanlar-petrol,,,,,,,
,İLHAM KAYIK   ( 72/013 ),,SİLVAN YOLU ÜZERİ 15.KM BATMAN,Türkiye, Batman,,,,,,,,,41.181452,38.042320,+90 () ,http://www.bpet.com.tr/tr/bayilerimiz/385/ilham-kayik,,,,,,,
,OK-AY PETROL   ( 72/015 ),,BAYINDIR MAHALLESİ EMEK BULVARI NO:45 BATMAN,Türkiye, Batman,,,,,,,,,41.164996,37.870416,+90 (488) 2135505,http://www.bpet.com.tr/tr/bayilerimiz/386/ok-ay-petrol,,,,,,,
,GÖKALP PETROL   ( 72/011 ),,BAYINDIR MAHALLESİ ODUNCULAR SİTESİ BATMAN,Türkiye, Batman,,,,,,,,,41.163728,37.876601,+90 (488) 2138120,http://www.bpet.com.tr/tr/bayilerimiz/384/gokalp-petrol,,,,,,,
,SİPAN PETROL   ( 72/009 ),,ÇAMLITEPE MAH. EMEK BULVARI NO:133 BATMAN,Türkiye, Batman,,,,,,,,,41.180000,37.877500,+90 (488) 2147263,http://www.bpet.com.tr/tr/bayilerimiz/382/sipan-petrol,,,,,,,
,İMAMOĞLU YALÇINLAR   ( 73/028 ),,ALİÇAVUŞ MAH. (ELKİ) DEVLET HASTANESİ YANI BEYTÜŞŞEBAP/ŞIRNAK,Türkiye, Şırnak,,,,,,,,,43.158382,37.569635,+90 (486) 3112590,http://www.bpet.com.tr/tr/bayilerimiz/390/imamoglu-yalcinlar,,,,,,,
,TAŞKIN PETROL   ( 73/010 ),,KONAK MAH. SİLOPİ YOLU ÜZERİ GÜZELLER MEVKİİ CİZRE / ŞIRNAK,Türkiye, Şırnak,,,,,,,,,42.220555,37.321666,+90 (486) 6231077,http://www.bpet.com.tr/tr/bayilerimiz/388/taskin-petrol,,,,,,,
,AYDIN KOLLEKTİF ŞİRKETİ   ( 75/005 ),,ATATÜRK CADDESİ NO. 107 HANAK/ ARDAHAN,Türkiye, Ardahan,,,,,,,,,42.844276,41.237311,+90 (478) 6112003,http://www.bpet.com.tr/tr/bayilerimiz/649/aydin-kollektif-sirketi,,,,,,,
,SAYINLAR PETROL   ( 75/004 ),,SERHAT MAH. KÜTÜKLÜK MEVKİİ NO:17 DAMAL / ARDAHAN,Türkiye, Ardahan,,,,,,,,,42.853333,41.334444,+90 (478) 6514514,http://www.bpet.com.tr/tr/bayilerimiz/397/sayinlar-petrol,,,,,,,
,SAYINLAR PETROL   ( 75/003 ),,ATATÜRK CADDESİ NO: 15 HANAK/ ARDAHAN,Türkiye, Ardahan,,,,,,,,,42.850277,41.225833,+90 (478) 6112254,http://www.bpet.com.tr/tr/bayilerimiz/396/sayinlar-petrol,,,,,,,
,AK YILMAZ PETROL   ( 75/002 ),,HALİL EFENDİ MAH. SÜT SANAYİ MEVKİİ ARDAHAN ŞAVSAT KARAYOLU ÜZERİ ARDAHAN,Türkiye, Ardahan,,,,,,,,,42.683373,41.125805,+90 (478) 2115933,http://www.bpet.com.tr/tr/bayilerimiz/395/ak-yilmaz-petrol,,,,,,,
,OSMAN ÇINAR   ( 58/003 ),,ANKARA ASFALTI ÜZERİ 23. KM. YILDIZELİ SİVAS,Türkiye, Sivas,,,,,,,,,36.345000,39.821666,+90 (346) 7642192,http://www.bpet.com.tr/tr/bayilerimiz/305/osman-cinar,,,,,,,
,FIRAT KINAY   ( 56/009 ),,EVREN MAHALLESİ VEYSEL KARANİ CADDESİ NO:219/ SİİRT,Türkiye, Siirt,,,,,,,,,41.930306,37.933632,+90 (484) 2231234,http://www.bpet.com.tr/tr/bayilerimiz/663/firat-kinay,,,,,,,
,ÖMER ÖZDEMİR    ( 56/006 ),,SARIGÜL MAHALLESİ ŞIRNAK CADDESİ NO: 4 (PAFTA: M48.D.04 ADA: 230 PARSEL: 11) ERUH SİİRT,Türkiye, Siirt,,,,,,,,,42.191169,37.749441,+90 (484) 3112556,http://www.bpet.com.tr/tr/bayilerimiz/303/omer-ozdemir,,,,,,,
,MEHMET KESİKBAŞ   ( 54/010 ),,KÜÇÜCEK CUMHURİYET MAHALLESİ SAKARYA CADDESİ NO:21/A (ADA: - PAFTA: 51.L.3A PARSEL: 1802) AKYAZI/ SAKARYA,Türkiye, Sakarya,,,,,,,,,30.580332,40.636690,+90 (264) 4624850,http://www.bpet.com.tr/tr/bayilerimiz/290/mehmet-kesikbas,,,,,,,
,YAŞAR KEMAL KIROĞLU   ( 54/009 ),,TUZLA MAHALLESİ SANAYİ CAD.NO: 66 ADAPAZARI/ SAKARYA,Türkiye, Sakarya,,,,,,,,,30.422222,40.795833,+90 (264) 2822852,http://www.bpet.com.tr/tr/bayilerimiz/293/yasar-kemal-kiroglu,,,,,,,
,VOLKANPET PETROL   ( 55/016 ),,KÖPRÜBAŞI MAHALLESİ HASTANE BULVARI NO:4 PAFTA: 32 PARSEL:2798 ÇETİNKAYA BAFRA/ SAMSUN,Türkiye, Samsun,,,,,,,,,35.879028,41.568420,+90 (362) 5984110,http://www.bpet.com.tr/tr/bayilerimiz/681/volkanpet-petrol,,,,,,,
,METSAN PETROL   ( 54/008 ),,PINAR MAH. KURTULUŞ CAD. NO:2 (PAFTA:G24B21B2C ADA:2505 PARSEL:4) SERDİVAN SAKARYA,Türkiye, Sakarya,,,,,,,,,30.295317,40.791412,+90 (264) 3391500,http://www.bpet.com.tr/tr/bayilerimiz/292/metsan-petrol,,,,,,,
,VOLKANPET PETROL   ( 55/015 ),,LENGERLİ KÖYÜ PAFTA: 3 PARSEL : 1118 BAFRA/ SAMSUN,Türkiye, Samsun,,,,,,,,,35.963809,41.525003,+90 (362) 5984110,http://www.bpet.com.tr/tr/bayilerimiz/680/volkanpet-petrol,,,,,,,
,SÜPHAN PETROL   ( 51/014 ),,BEYAĞIL KÖYÜ ÇEVREZ MEVKİİ ULUKIŞLA/NİĞDE,Türkiye, Niğde,,,,,,,,,34.528329,37.542587,+90 (434) 8272810,http://www.bpet.com.tr/tr/bayilerimiz/279/suphan-petrol,,,,,,,
,ÖZAL PETROL   ( 48/005 ),,DÖĞER KÖYÜ SAKLIKENT YOLU ÜZERİ KEMER BELDESİ (ADA:- PAFTA:022C18C3A PARSEL:1023) FETHİYE MUĞLA,Türkiye, Muğla,,,,,,,,,29.388888,36.559444,+90 (252) 6368484,http://www.bpet.com.tr/tr/bayilerimiz/267/ozal-petrol,,,,,,,
,SÜL PETROL   ( 48/003 ),,BEYOBASI BELDESİ KÖYCEĞİZ / MUĞLA,Türkiye, Muğla,,,,,,,,,28.760833,36.910000,+90 (252) 2720562,http://www.bpet.com.tr/tr/bayilerimiz/266/sul-petrol,,,,,,,
,Şahin Petrol   ( 46/044 ),,YENİ MAHALLESİ ANDIRIN CADDESİ NO:132(ADA:362  PAFTA:I36C.25C  PARSEL:8) GÖKSUN/  KAHRAMANMARAŞ,Türkiye, Kahramanmaraş,,,,,,,,,36,489429,38.008329,+90 () ,http://www.bpet.com.tr/tr/bayilerimiz/686/sahin-petrol,,,,,,,
,Volkanpet Petrol   ( 45/017 ),,BOSTANCI KÖYÜ KAYNAR MEVKİİ AKHİSAR KARAYOLU ÜZERİ ( ADA: - PAFTA:5  PARSEL:732)KIRKAĞAÇ/MANİSA,Türkiye, Manisa,,,,,,,,,27.839504,39.140207,+90 () ,http://www.bpet.com.tr/tr/bayilerimiz/710/volkanpet-petrol,,,,,,,
,EMKA PETROL   ( 45/016 ),,SUBAŞI MAHALLESİ NO:78 İZMİR YOLU (ADA:2171  PAFTA:19J-2B-2D  PARSEL:5) TURGUTLU/ MANİSA,Türkiye, Manisa,,,,,,,,,27.654444,38.491111,+90 (236) 3126067,http://www.bpet.com.tr/tr/bayilerimiz/237/emka-petrol,,,,,,,
,ÖZ-YAZICI PETROL   ( 45/015 ),,KAPAKLI KÖYÜ BAĞLARTEPESİ MEVKİİ (PAFTA:19PARSEL:3801) AKHİSAR/MANİSA,Türkiye, Manisa,,,,,,,,,27.747878,38.871606,+90 (236) 4262003,http://www.bpet.com.tr/tr/bayilerimiz/240/oz-yazici-petrol,,,,,,,
,MEHMET EDİP YÜKSEL PETROL   ( 43/002 ),,HASANTEPE MAHALLESİ TAVŞANLI YOLU 1. KM. DOMANİÇ / KÜTAHYA,Türkiye, Kütahya,,,,,,,,,29.601388,39.793888,+90 (274) 6612831,http://www.bpet.com.tr/tr/bayilerimiz/226/mehmet-edip-yuksel-petrol,,,,,,,
,TOPALOĞLU PETROL   ( 42/077 ),,Hatamış Köyü  KARAPINAR/ KONYA,Türkiye, Konya,,,,,,,,,33.327970,37.644088,+90 () ,http://www.bpet.com.tr/tr/bayilerimiz/741/topaloglu-petrol,,,,,,,
,ABDULRAHİM DENİZ   ( 42/076 ),,LADİK MAHALLESİ CUMHURİYET CADDESİ NO:19 (PAFTA:40  PARSEL:3631 ) SARAYÖNÜ/ KONYA,Türkiye, Konya,,,,,,,,,32.356163,38.211928,+90 () ,http://www.bpet.com.tr/tr/bayilerimiz/724/abdulrahim-deniz,,,,,,,
,HAŞİM BAKMAZ   ( 46/045 ),,KABAAĞAÇ MAHALLESİ KABAAĞAÇ SOKAK NO.169/A (PAFTA:L38.D1.1C  PARSEL:648 ) AFŞİN/KAHRAMANMARAŞ,Türkiye, Kahramanmaraş,,,,,,,,,37.035534,38.191080,+90 () ,http://www.bpet.com.tr/tr/bayilerimiz/718/hasim-bakmaz,,,,,,,
,TUANA PETROL   ( 42/075 ),,KORUÖNÜ ( ADA:252  PAFTA:M27.B.17.C.1.C  PARSEL:75 ) ÜÇPINAR KÖYÜ BEYŞEHİR/ KONYA,Türkiye, Konya,,,,,,,,,31.831351,37.817845,+90 () ,http://www.bpet.com.tr/tr/bayilerimiz/715/tuana-petrol,,,,,,,
,HALASKAR PETROL   ( 42/073 ),,DEMİR MAHALLESİ NO:8 AĞLAMAZLAR YAYLASI GÖLYAZI KASABASI CİHANBEYLİ/ KONYA,Türkiye, Konya,,,,,,,,,33.203146,38.544274,+90 (332) 6963399,http://www.bpet.com.tr/tr/bayilerimiz/684/halaskar-petrol,,,,,,,
,HASAN HÜSEYİN GÖKTAŞ   ( 42/074 ),,BALCILAR MAHALLESİ İSTİKLAL CADDESİ NO:154 ( ADA:101  PAFTA:029-A-14-A  PARSEL:5 ) TAŞKENT/ KONYA,Türkiye, Konya,,,,,,,,,32.673705,36.894527,+90 (332) 4925042,http://www.bpet.com.tr/tr/bayilerimiz/703/hasan-huseyin-goktas,,,,,,,
,OĞUZHAN AKARYAKIT   ( 42/072 ),,ZENGEN MAHALLESİ E-90 KARAYOLU ÜZERİ KÜME EVLER NO :17 (PAFTA:M32  PARSEL:1415 ) EREĞLİ/ KONYA,Türkiye, Konya,,,,,,,,,34.172571,37.854318,+90 () ,http://www.bpet.com.tr/tr/bayilerimiz/213/oguzhan-akaryakit,,,,,,,
,METİN ORAL   ( 42/070 ),,TÖMEK MAH. ANKARA CAD. NO:364/A (PAFTA:L29 ADA:29771 PARSEL:35) SELÇUKLU/ KONYA,Türkiye, Konya,,,,,,,,,32.655535,38.042326,+90 (332) 2713300,http://www.bpet.com.tr/tr/bayilerimiz/646/metin-oral,,,,,,,
,BALKAN PETROL   ( 42/067 ),,TORUN MAHALLESİ ÇEVRE YOLU CADDESİ NO: 152 ARGITHANI,Türkiye, Konya,,,,,,,,,31.704166,38.297777,+90 (324) 4513303,http://www.bpet.com.tr/tr/bayilerimiz/224/balkan-petrol,,,,,,,
,MUSTAFA ÇELİK   ( 42/061 ),,ÜRÜNLÜ KÖYÜ (PAFTA: M29 C3 14 ADA: - PARSEL: 588) ÇUMRA KONYA,Türkiye, Konya,,,,,,,,,32.875277,37.564722,+90 (332) 4496101,http://www.bpet.com.tr/tr/bayilerimiz/219/mustafa-celik,,,,,,,
,MEY PETROL   ( 42/056 ),,KONYA-AKSARAY YOLU 60.KM. DOĞUTEPE MEVKİİ KIZÖREN KÖYÜ(PAFTA:6 ADA: - PARSEL:159)KARATAY/KONYA,Türkiye, Konya,,,,,,,,,33.153387,38.129637,+90 () ,http://www.bpet.com.tr/tr/bayilerimiz/216/mey-petrol,,,,,,,
,BOYALI PETROL    ( 42/051 ),,KARAASLAN ÜZÜMCÜ MAHALLESİ KARAMAN CADDESİ NO:411 (PAFTA:M29A16D2A ADA:5189 PARSEL:81) KARATAY/KONYA,Türkiye, Konya,,,,,,,,,32.518413,37.821781,+90 (332) 3591510,http://www.bpet.com.tr/tr/bayilerimiz/214/boyali-petrol,,,,,,,
,KALKAN PETROL   ( 42/036 ),,AKMESCİT MAH. AKSARAY CAD. NO.3 EMİRGAZİ / KONYA,Türkiye, Konya,,,,,,,,,33.834722,37.891944,+90 (332) 7472026,http://www.bpet.com.tr/tr/bayilerimiz/210/kalkan-petrol,,,,,,,
,ÖZMPET PETROL    ( 42/014 ),,SÜLÜKLÜ KASABASI YUNAK/KONYA,Türkiye, Konya,,,,,,,,,32.335555,38.880555,+90 (332) 8592046,http://www.bpet.com.tr/tr/bayilerimiz/208/ozmpet-petrol,,,,,,,
,TÜRKOĞLU PETROL    ( 42/013 ),,MERDİVENLİ YAYLASIAKÇAYAZI KÖYÜ  KARAPINAR/KONYA,Türkiye, Konya,,,,,,,,,33.198611,37.723611,+90 (332) 7695003,http://www.bpet.com.tr/tr/bayilerimiz/207/turkoglu-petrol,,,,,,,
,PEKTAŞ PETROL   ( 44/039 ),,GELENĞEÇ MAHALLESİ KURŞUNLU (PAFTA: ADA:106 PARSEL:159) HEKİMHAN/MALATYA,Türkiye, Malatya,,,,,,,,,37.853064,38.645701,+90 () ,http://www.bpet.com.tr/tr/bayilerimiz/638/pektas-petrol,,,,,,,
,KILIÇ PETROL   ( 44/037 ),,MALATYA SİVAS ÇEVRE YOLU BAHÇELİEVLER MAH. NO:1 (PAFTA: - ADA: 226 PARSEL: 1) HEKİMHAN / MALATYA,Türkiye, Malatya,,,,,,,,,37.929021,38.819632,+90 (422) 7131260,http://www.bpet.com.tr/tr/bayilerimiz/235/kilic-petrol,,,,,,,
,ŞAHNAHAN PETROL   ( 44/036 ),,MERKEZ MAH. NO: 6 ŞAHNAHAN BELDESİ (PAFTA: 5 ADA: - PARSEL: 882) / MALATYA,Türkiye, Malatya,,,,,,,,,38.202777,38.410555,+90 (422) 2951310,http://www.bpet.com.tr/tr/bayilerimiz/234/sahnahan-petrol,,,,,,,
,GENİŞ PETROL   ( 44/035 ),,MALATYA ELAZIĞ YOLU 32. KM. TURGUT ÖZAL BULVARI KARŞISI MERKEZ MALATYA,Türkiye, Malatya,,,,,,,,,38.671894,38.387611,+90 (422) 8661100,http://www.bpet.com.tr/tr/bayilerimiz/233/genis-petrol,,,,,,,
,NAZIM BİRİŞİK   ( 44/018 ),,ÇELİKHAN CADDESİ KURUCAOVA/MALATYA,Türkiye, Malatya,,,,,,,,,38.118888,37.981666,+90 (422) 5224066,http://www.bpet.com.tr/tr/bayilerimiz/230/nazim-birisik,,,,,,,
,PEKTAŞ PETROL   ( 44/011 ),,MALATYA-SİVAS YOLU 44 KM. JANDARMA YANI YAZIHAN/MALATYA,Türkiye, Malatya,,,,,,,,,38.190555,38.594444,+90 (422) 7514353,http://www.bpet.com.tr/tr/bayilerimiz/227/pektas-petrol,,,,,,,
,TACETTİN ÇITAK   ( 44/016 ),,ORGANİZE SAN.KARŞISI ANKARA ASFALTI 12.KM MALATYA,Türkiye, Malatya,,,,,,,,,38.190000,38.327500,+90 (422) 2375174,http://www.bpet.com.tr/tr/bayilerimiz/229/tacettin-citak,,,,,,,
,AKBAŞ PETROL   ( 44/015 ),,DOĞU MAH.HÜKÜMET CAD.NO:1 AKÇADAĞ/MALATYA,Türkiye, Malatya,,,,,,,,,37.984340,38.344624,+90 (422) 4172536,http://www.bpet.com.tr/tr/bayilerimiz/228/akbas-petrol,,,,,,,
,ÖZ SOYSALLAR AKARYAKIT   ( 44/034 ),,BATTALGAZİ İLÇESİ ESKİ SİVAS YOLU ÜZERİ NO:1 BATTALGAZİ / MALATYA,Türkiye, Malatya,,,,,,,,,38.361944,38.425277,+90 (422) 8412211,http://www.bpet.com.tr/tr/bayilerimiz/232/oz-soysallar-akaryakit,,,,,,,
,YASİN DURMUŞ   ( 45/009 ),,HACIOSMANLAR KÖYÜ AKHİSAR/MANİSA,Türkiye, Manisa,,,,,,,,,27.986388,38.850833,+90 (236) 4393043,http://www.bpet.com.tr/tr/bayilerimiz/238/yasin-durmus,,,,,,,
,MELTEM AKARYAKIT   ( 46/042 ),,MENDERES MAHALLESİ 12 EYLÜL CADDESİ NO:29 PAZARCIK/ KAHRAMANMARAŞ,Türkiye, Kahramanmaraş,,,,,,,,,37.289982,37.487862,+90 (344) 3116112,http://www.bpet.com.tr/tr/bayilerimiz/667/meltem-akaryakit,,,,,,,
,NURAY ÜSTÜN   ( 46/043 ),,MAARİF MAH. BOĞAZ KÜME EVLER NO:19/1(PARSEL:5509 PAFTA:31L.3.C) EKİNÖZÜ / KAHRAMANMARAŞ,Türkiye, Kahramanmaraş,,,,,,,,,37.203888,38.068333,+90 (344) 4812669,http://www.bpet.com.tr/tr/bayilerimiz/250/nuray-ustun,,,,,,,
,AMR PETROL   ( 46/041 ),,İSTASYON MAHALLESİ NARLI YOLU NO:29 (PAFTA: ADA:555 PARSEL:11) TÜRKOĞLU/KAHRAMANMARAŞ,Türkiye, Kahramanmaraş,,,,,,,,,36.870579,37.380329,+90 (344) 6182419,http://www.bpet.com.tr/tr/bayilerimiz/256/amr-petrol,,,,,,,
,BOR TAŞ AKARYAKIT   ( 46/038 ),,BAHÇELİEVLER MAHALLESİ OTOBAN KÜMESİ NO:26 PAZARCIK / KAHRAMANMARAŞ,Türkiye, Kahramanmaraş,,,,,,,,,37.146847,37.339508,+90 (344) 3312489,http://www.bpet.com.tr/tr/bayilerimiz/253/bor-tas-akaryakit,,,,,,,
,DOĞANALP PETROL   ( 46/035 ),,KILILI KASABASI ŞEHİT ALİ MAHALLESİ BELEDİYE BULVARI NO: 40 TÜRKOĞLU / KAHRAMANMARAŞ,Türkiye, Kahramanmaraş,,,,,,,,,36.877500,37.410277,+90 (344) 6292407,http://www.bpet.com.tr/tr/bayilerimiz/251/doganalp-petrol,,,,,,,
,AKTOPÇULAR PETROL   ( 46/031 ),,KURTULUŞ MAH.ASLANBEY BUL. NO:146 (ADA L37C25C3CPAFTA 266 PARSEL 34 ) GÖKSUN / KAHRAMANMARAŞ,Türkiye, Kahramanmaraş,,,,,,,,,36.498888,38.004444,+90 (344) 7142176,http://www.bpet.com.tr/tr/bayilerimiz/249/aktopcular-petrol,,,,,,,
,ALİ ÖZDEMİR   ( 46/026 ),,KAYSERİ YOLU ÜZERİ 7. KM.  K.MARAŞ,Türkiye, Kahramanmaraş,,,,,,,,,36.852222,37.570277,+90 (344) 2158151,http://www.bpet.com.tr/tr/bayilerimiz/248/ali-ozdemir,,,,,,,
,CİHAN PETROL   ( 46/025 ),,TKİ YOL ÇATI AKVEREN YOLU ADABAŞI MEVKİİ  ELBİSTAN KAHRAMANMARAŞ,Türkiye, Kahramanmaraş,,,,,,,,,37.203888,38.234722,+90 (344) 4135189,http://www.bpet.com.tr/tr/bayilerimiz/247/cihan-petrol,,,,,,,
,KARTO AKARYAKIT   ( 46/022 ),,ULUBAHÇE KÖYÜ PAZARCIK/K.MARAŞ,Türkiye, Kahramanmaraş,,,,,,,,,37.363333,37.508333,+90 (344) 3114441,http://www.bpet.com.tr/tr/bayilerimiz/245/karto-akaryakit,,,,,,,
,KALE KAPLAN PETROL   ( 46/015 ),,KALE KASABASI MİMAR SİNAN  MAHALLESİ SIR BARAJI YOLU / KAHRAMANMARAŞ,Türkiye, Kahramanmaraş,,,,,,,,,36.735277,37.552222,+90 (344) 2532423,http://www.bpet.com.tr/tr/bayilerimiz/244/kale-kaplan-petrol,,,,,,,
,MÜDÜROĞLU PETROL   ( 46/008 ),,K.MARAŞ KARAYOLU 7 KM. TÜRKOĞLU/K.MARAŞ,Türkiye, Kahramanmaraş,,,,,,,,,36.886111,37.440555,+90 (344) 6231313,http://www.bpet.com.tr/tr/bayilerimiz/242/muduroglu-petrol,,,,,,,
,KUŞOĞLU PETROL   ( 46/007 ),,TEKİR BELDESİ FİDAN MAHALLESİ TEKİR GÖKSUN/ KAHRAMANMARAŞ,Türkiye, Kahramanmaraş,,,,,,,,,36.618333,37.896111,+90 (344) 2592179,http://www.bpet.com.tr/tr/bayilerimiz/241/kusoglu-petrol,,,,,,,
,CEMİL ALPAĞAT   ( 47/033 ),,KIŞLA MAHALLESİ CUMHURİYET CADDESİ NO :218 ADA: 227 PAFTA-PARSEL:9 NUSAYBİN/MARDİN,Türkiye, Mardin,,,,,,,,,41.205261,37.082844,+90 () ,http://www.bpet.com.tr/tr/bayilerimiz/744/cemil-alpagat,,,,,,,
,ÇAMER PETROL   ( 47/032 ),,NUR MAHALLESİ VALİ OZAN CADDESİ 0/69 SOKAĞI İZZETPAŞA MEVKİİ DİYARBAKIR YOLU 2.KM. (ADA:832  PAFTA:N-45-19-A  PARSEL:13) MERKEZ/ MARDİN,Türkiye, Mardin,,,,,,,,,40.676759,37.344603,+90 (482) 2123078,http://www.bpet.com.tr/tr/bayilerimiz/706/camer-petrol,,,,,,,
,ERCAN AYEBE   ( 47/030 ),,KUŞÇU KÖYÜ TEPEÖNÜ MEVKİİ (PAFTA:N-44-B-21-A-2-D ADA: - PARSEL:255) DERİK/ MARDİN,Türkiye, Mardin,,,,,,,,,40.267146,37.291749,+90 (482) 2521219,http://www.bpet.com.tr/tr/bayilerimiz/264/ercan-ayebe,,,,,,,
,SAS PETROL   ( 47/026 ),,NUSAYBİN YOLU ÜZERİ 3 KM KIZILTEPE/MARDİN,Türkiye, Mardin,,,,,,,,,40.624166,37.180555,+90 (482) 3123014,http://www.bpet.com.tr/tr/bayilerimiz/263/sas-petrol,,,,,,,
,AYPET PETROL   ( 47/025 ),,İPEKYOLU ÜZERİ 4.KM (ADAPAFTAPARSEL:563/N46C17A) DURUCA BELDESİ NUSAYBİN / MARDİN,Türkiye, Mardin,,,,,,,,,41.288333,37.086111,+90 (482) 4160008,http://www.bpet.com.tr/tr/bayilerimiz/262/aypet-petrol,,,,,,,
,DURAK PETROL   ( 47/019 ),,SÜREKLİ KÖYÜ KIZILTEPE / MARDİN,Türkiye, Mardin,,,,,,,,,40.396388,37.193888,+90 (482) 3676106,http://www.bpet.com.tr/tr/bayilerimiz/259/durak-petrol,,,,,,,
,AŞANLAR AKARYAKIT   ( 47/008 ),,İDİL-CİZRE YOLU ÜZERİ IŞILDAR MAH. MİDYAT/MARDİN,Türkiye, Mardin,,,,,,,,,41.389444,37.400000,+90 (482) 4640111,http://www.bpet.com.tr/tr/bayilerimiz/257/asanlar-akaryakit,,,,,,,
,NASIROĞULLARI AKARYAKIT   ( 49/009 ),,KARAYOLLARI 113. ŞUBE ŞEFLİĞİ KARŞISI (PAFTA:52.53.4.A ADA:134 PARSEL:36) / MUŞ,Türkiye, Muş,,,,,,,,,41.505277,38.749166,+90 (436) 2163678,http://www.bpet.com.tr/tr/bayilerimiz/269/nasirogullari-akaryakit,,,,,,,
,BÜYÜKGÖL PETROL   ( 50/023 ),,NEVŞEHİR ACIGÖL KARAYOLU 11. KM.  MERKEZ/ NEVŞEHİR,Türkiye, Nevşehir,,,,,,,,,34.555199,38.552700,+90 () ,http://www.bpet.com.tr/tr/bayilerimiz/740/buyukgol-petrol,,,,,,,
,ELTUĞ PETROL   ( 50/020 ),,ALAADDİN MAHALLESİ SANAYİ BÖLGESİ SULU MEVKİİ AVANOS / NEVŞEHİR,Türkiye, Nevşehir,,,,,,,,,34.830206,38.722714,+90 (384) 5112757,http://www.bpet.com.tr/tr/bayilerimiz/277/eltug-petrol,,,,,,,
,ÖZ KAVAK PETROL   ( 50/017 ),,YUKARI MAHALLE KAYMAKLI CADDESİ NO:2 KAVAK KASABASI (PAFTA:K33C17A ADA: PARSEL:854) /NEVŞEHİR,Türkiye, Nevşehir,,,,,,,,,34.810000,38.583056,+90 (384) 2574242,http://www.bpet.com.tr/tr/bayilerimiz/276/oz-kavak-petrol,,,,,,,
,LEVENT ERSOY   ( 50/016 ),,AKSARAY CAD. NO:52 KALE MAH. SUVERMEZ KASABASI (PAFTA:L33.A.13.C3A ADA: 117 PARSEL:78) DERİNKUYU / NEVŞEHİR,Türkiye, Nevşehir,,,,,,,,,34.643611,38.356944,+90 (384) 3914012,http://www.bpet.com.tr/tr/bayilerimiz/275/levent-ersoy,,,,,,,
,GÜN-DEM PETROL   ( 50/011 ),,BAŞ MAHALLE KUM YOLU SOKAK NO:74/1 DERİNKUYU / NEVŞEHİR,Türkiye, Nevşehir,,,,,,,,,34.744444,38.386944,+90 (384) 3814242,http://www.bpet.com.tr/tr/bayilerimiz/272/gun-dem-petrol,,,,,,,
,KAPUCU PETROL   ( 50/005 ),,YALINTAŞ KÖYÜ GÜLŞEHİR/NEVŞEHİR,Türkiye, Nevşehir,,,,,,,,,34.356388,38.694166,+90 (384) 4235165,http://www.bpet.com.tr/tr/bayilerimiz/271/kapucu-petrol,,,,,,,
,S.S.KOZAKLI 23 NOLU MOTORLU TAŞIYICILAR KOOP.   ( 50/002 ),,KAYSERİ YOLU 1 KM. KOZAKLI/NEVŞEHİR,Türkiye, Nevşehir,,,,,,,,,34.842222,39.190555,+90 (384) 4712740,http://www.bpet.com.tr/tr/bayilerimiz/270/sskozakli-23-nolu-motorlu-tasiyicilar-koop,,,,,,,
,KADİR SONGUR   ( 51/045 ),,AZATLI KASABASI ÇİFTLİK/NİĞDE,Türkiye, Niğde,,,,,,,,,34.518579,38.165096,+90 (388) 4240212,http://www.bpet.com.tr/tr/bayilerimiz/697/kadir-songur,,,,,,,
,ÖZ MELENDİZ PETROL   ( 51/042 ),,YENİ MAHALLE ÇİFTLİK CADDESİ ÇİFTLİK / NİĞDE,Türkiye, Niğde,,,,,,,,,34.498664,38.178038,+90 (388) 4112985,http://www.bpet.com.tr/tr/bayilerimiz/287/oz-melendiz-petrol,,,,,,,
,ÖZTAÇ PETROL   ( 51/040 ),,E-90 KARAYOLU ÜZERİ ÇEREZ MEVKİİ BEY AĞIL KÖYÜ ULUKIŞLA/ NİĞDE,Türkiye, Niğde,,,,,,,,,34.525346,37.542910,+90 (388) 5412778,http://www.bpet.com.tr/tr/bayilerimiz/286/oztac-petrol,,,,,,,
,SUBAŞI PETROL   ( 51/025 ),,NİĞDE NEVŞEHİR YOLU 5. KM GÖLCÜK / NİĞDE,Türkiye, Niğde,,,,,,,,,34.760426,38.285836,+90 (388) 2645070,http://www.bpet.com.tr/tr/bayilerimiz/282/subasi-petrol,,,,,,,
,KADİR BOLAT   ( 51/024 ),,NİĞDE NEVŞEHİR YOLU ÜZERİ 22 KM OVACIK KASABASI / NİĞDE,Türkiye, Niğde,,,,,,,,,34.787222,38.119722,+90 (388) 2757220,http://www.bpet.com.tr/tr/bayilerimiz/281/kadir-bolat,,,,,,,
,BÖREKÇİOĞULLARI PETROL   ( 51/022 ),,KARANLIKDERE KASABASIBOR-ALTUNHİSAR YOLU ÜZERİ KIR(KINIKÜSTÜ) MEVKİİ BOR/NİĞDE,Türkiye, Niğde,,,,,,,,,34.402777,37.850277,+90 (388) 6112077,http://www.bpet.com.tr/tr/bayilerimiz/280/borekciogullari-petrol,,,,,,,
,VOLKAN PETROL   ( 55/014 ),,CUMHURİYET MAHALLESİ SAMSUN CADDESİ NO:252 (PAFTA:- ADA:1 PARSEL:68) TERME / SAMSUN,Türkiye, Samsun,,,,,,,,,36.953427,41.212851,+90 (324) 4513303,http://www.bpet.com.tr/tr/bayilerimiz/299/volkan-petrol,,,,,,,
,KELEŞ PETROL   ( 55/009 ),,TERME İLÇESİ KOCAMAN CADDESİ TERME/SAMSUN,Türkiye, Samsun,,,,,,,,,36.970872,41.193531,+90 (362) 8762437,http://www.bpet.com.tr/tr/bayilerimiz/297/keles-petrol,,,,,,,
,SELAMET PETROL   ( 55/007 ),,BOYABAT KARAYOLU ÜZERİ 3.KM VEZİRKÖPRÜ/SAMSUN,Türkiye, Samsun,,,,,,,,,35.452055,41.159541,+90 (362) 6463230,http://www.bpet.com.tr/tr/bayilerimiz/296/selamet-petrol,,,,,,,
,AHMET YİĞİT VE OĞULLARI AKARYAKIT   ( 55/004 ),,HELVACALI KÖYÜ ÇARŞAMBA/ SAMSUN,Türkiye, Samsun,,,,,,,,,36.763837,41.212521,+90 (362) 4331297,http://www.bpet.com.tr/tr/bayilerimiz/294/ahmet-yigit-ve-ogullari-akaryakit,,,,,,,
,MEHMET FUDAYL ÖZCAN   ( 56/004 ),,PERVARİ İLÇESİ GİRİŞİ PERVARİ/ SİİRT,Türkiye, Siirt,,,,,,,,,42.538674,37.945881,+90 (484) 3612164,http://www.bpet.com.tr/tr/bayilerimiz/302/mehmet-fudayl-ozcan,,,,,,,
,ENGİN PETROL   ( 56/003 ),,KOOPERATİF MAH. KURTALAN YOLU BADEM TİCARET KARŞISI (270 ADA 26-30.K. PAFTA 10 PARSEL ) SİİRT,Türkiye, Siirt,,,,,,,,,41.908776,37.943876,+90 (484) 2240909,http://www.bpet.com.tr/tr/bayilerimiz/301/engin-petrol,,,,,,,
,AK-GİRİŞİM PETROL   ( 56/002 ),,TEKEL MAH. RECEP TAYİP ERDOĞAN BULVARI NO:26 KURTALAN / SİİRT,Türkiye, Siirt,,,,,,,,,41.686666,37.931111,+90 (484) 4116110,http://www.bpet.com.tr/tr/bayilerimiz/300/ak-girisim-petrol,,,,,,,
,PINARBAŞI AKARYAKIT   ( 58/024 ),,ŞEHİTLER MAHALLESİ YAVUZ SULTAN SELİM CADDESİ NO:19 (PAFTA:H37C-20C-2D ADA:118 PARSEL:4) GÜMÜŞDERE BELDESİ/ SİVAS,Türkiye, Sivas,,,,,,,,,36.993008,40.061695,+90 (346) 2744115,http://www.bpet.com.tr/tr/bayilerimiz/665/pinarbasi-akaryakit,,,,,,,
,HAKAN ERGÜN   ( 58/025 ),,UĞUR MUMCU MAHALLESİ FİDANLIK CADDESİ NO:89 GEMEREK ( ADA:333  PAFTA:J3622A2  PARSEL:130 ) ÇEPNİ GEMEREK/SİVAS,Türkiye, Sivas,,,,,,,,,36.068438,39.298611,+90 (346) 6630623,http://www.bpet.com.tr/tr/bayilerimiz/708/hakan-ergun,,,,,,,
,HACI MEHMET KESKİN   ( 58/023 ),,ÇEPNİ KASABASI UĞUR MUMCU MAH. FİDANLIK CAD. NO:174 (ADA:251 PAFTA:J3A22B2 PARSEL:2) GEMEREK/ SİVAS,Türkiye, Sivas,,,,,,,,,36.092888,39.287554,+90 (346) 6630609,http://www.bpet.com.tr/tr/bayilerimiz/315/haci-mehmet-keskin,,,,,,,
,HACI MEHMET KESKİN   ( 58/014 ),,YENİDOĞAN MAH. İSTANBUL CAD NO:35 YENİÇUBUK (PAFTA:-ADA:180 PARSEL::5 ) GEMEREK SİVAS,Türkiye, Sivas,,,,,,,,,36.098333,39.209167,+90 (346) 6630609,http://www.bpet.com.tr/tr/bayilerimiz/311/haci-mehmet-keskin,,,,,,,
,SAFFET ÖKTEMGİL   ( 58/012 ),,SİVAS- ANKARA ASFALTI  32.KM MENTEŞE KÖYÜ MEVKİİ YILDIZELİ/SİVAS,Türkiye, Sivas,,,,,,,,,36.725555,39.803055,+90 (346) 5789017,http://www.bpet.com.tr/tr/bayilerimiz/309/saffet-oktemgil,,,,,,,
,ABDURRAHMAN BİREKUL   ( 58/013 ),,EĞERCİ KASABASI GEMEREK/ SİVAS,Türkiye, Sivas,,,,,,,,,35.969166,39.239444,+90 (346) 5534892,http://www.bpet.com.tr/tr/bayilerimiz/310/abdurrahman-birekul,,,,,,,
,ŞAHİN ALTUNBULAK   ( 58/006 ),,ÇAYIRALAN YOLU ÜZERİ SIZIR KASABASI GEMEREK/SİVAS,Türkiye, Sivas,,,,,,,,,35.938333,39.311666,+90 (346) 6244205,http://www.bpet.com.tr/tr/bayilerimiz/308/sahin-altunbulak,,,,,,,
,HACI ERDOĞAN   ( 58/004 ),,ÇIRÇIR KÖYÜ YILDIZELİ/SİVAS,Türkiye, Sivas,,,,,,,,,36.770889,40.056931,+90 (346) 7594415,http://www.bpet.com.tr/tr/bayilerimiz/306/haci-erdogan,,,,,,,
,ERMAN KESER   ( 39/001 ),,HASBUĞA KÖYÜ (Ada:180 Pafta:E19d-25C-2d  Parsel:45 ) VİZE/KIRKLARELİ,Türkiye, Kırklareli,,,,,,,,,27.739534,41. 517728,+90 (212) 5937773 2125913610,http://www.bpet.com.tr/tr/bayilerimiz/704/erman-keser,,,,,,,
,AKPET PETROL   ( 38/016 ),,KAYSERİ YOLU ÜZERİ YEŞİLHİSAR ÇIKIŞI YEŞİLHİSAR / KAYSERİ,Türkiye, Kayseri,,,,,,,,,35.091111,38.374166,+90 (352) 3208787,http://www.bpet.com.tr/tr/bayilerimiz/200/akpet-petrol,,,,,,,
,YILMAZ PETROL   ( 38/029 ),,BAŞAKPINAR GAZİLER MAHALLESİ ŞEHİT ŞABAN ERGİN CADDESİ NO:195(ADA:165  PAFTA:K35-D08-D3C  PARSEL:3) BAŞAKPINAR TALAS/ KAYSERİ,Türkiye, Kayseri,,,,,,,,,35.623101,38.655090,+90 (352) 4214019,http://www.bpet.com.tr/tr/bayilerimiz/678/yilmaz-petrol,,,,,,,
,DELİKAN PETROL   ( 38/027 ),,AMBAR MAHALLESİ ZAFER CADDESİ NO:85 KOCASİNAN/KAYSERİ,Türkiye, Kayseri,,,,,,,,,35.388704,38.752888,+90 (352) 3271177,http://www.bpet.com.tr/tr/bayilerimiz/675/delikan-petrol,,,,,,,
,CAN-PA PETROL   ( 36/003 ),,MERKEZ MEZRA KÖYÜ/ KARS,Türkiye, Kars,,,,,,,,,43.162306,40.693582,+90 (474) 2127420,http://www.bpet.com.tr/tr/bayilerimiz/194/can-pa-petrol,,,,,,,
,CANSOY PETROL   ( 34/006 ),,MEŞRUTİYET KÖYÜ KUMBABA MEVKİİ ŞİLE / İSTANBUL,Türkiye, İstanbul Anadolu,,,,,,,,,29.561111,41.167777,+90 (216) 7103165,http://www.bpet.com.tr/tr/bayilerimiz/175/cansoy-petrol,,,,,,,
,BATINAK PETROL   ( 35/030 ),,MEHMET AKİF ERSOY MAH. İNÖNÜ CADDESİ NO:105 ( ADA:743  PAFTA: -  PARSEL:1 )KEMALPAŞA / İZMİR,Türkiye, İzmir,,,,,,,,,27.431871,38.423790,+90 (232) 4690984,http://www.bpet.com.tr/tr/bayilerimiz/720/batinak-petrol,,,,,,,
,SABRİ BAYSAN   ( 32/007 ),,MODERNEVLER MAHALLESİ 142. CADDESİ NO:8(ADA:2533  PAFTA:31L-4C  PARSEL:1) MERKEZ/ ISPARTA,Türkiye, Isparta,,,,,,,,,30.548848,37.789641,+90 (246) 2244141,http://www.bpet.com.tr/tr/bayilerimiz/688/sabri-baysan,,,,,,,
,NURİ ŞİRİN PETROL   ( 32/005 ),,EĞİRDİR YOLU ÜZERİ ASKERİ HASTANE ALTI  MERKEZ/ ISPARTA,Türkiye, Isparta,,,,,,,,,30.58458,37.804673,+90 (246) 2243335,http://www.bpet.com.tr/tr/bayilerimiz/672/nuri-sirin-petrol,,,,,,,
,ÜNLÜLER PETROL   ( 32/003 ),,EĞİRDİR YOLU 5.KM (PAFTA 32M-3DADA 8245 PARSEL 45) / ISPARTA,Türkiye, Isparta,,,,,,,,,30.588055,37.810000,+90 (246) 2182204,http://www.bpet.com.tr/tr/bayilerimiz/153/unluler-petrol,,,,,,,
,DEMİRBİLEK PETROL   ( 31/034 ),,NO:3(ADA:-  PAFTA:-  PARSEL:221) ÖTENÇAY KÖYÜ BELEN HATAY,Türkiye, Hatay,,,,,,,,,36.257500,36.406388,+90 (326) 2332040,http://www.bpet.com.tr/tr/bayilerimiz/145/demirbilek-petrol,,,,,,,
,REİS PETROL   ( 31/030 ),,CUMHURİYET MAHALLESİ ŞEHİT MEHMET KURŞUNGEÇMEZ CADDESİ NO:16 (ADA:59 PAFTA:7/1 PARSEL:16) KUMLU / HATAY,Türkiye, Hatay,,,,,,,,,36.449618,36.364727,+90 (326) 4613123,http://www.bpet.com.tr/tr/bayilerimiz/150/reis-petrol,,,,,,,
,KUTAŞ PETROL   ( 30/001 ),,MEZARLIK MAHALLESİ GENÇLİK CADDESİ YÜKSEKOVA/ HAKKARİ,Türkiye, Hakkari,,,,,,,,,44.297267,37.565662,+90 (438) 3512442,http://www.bpet.com.tr/tr/bayilerimiz/725/kutas-petrol,,,,,,,
,ORSAN PETROL   ( 27/027 ),,İSTASYON MAHALLESİ E-90 KARAYOLU GAZİANTEP YÖNÜ NO:78/C NİZİP/ GAZİANTEP,Türkiye, Gaziantep,,,,,,,,,37.771586,36.990676,+90 () ,http://www.bpet.com.tr/tr/bayilerimiz/692/orsan-petrol,,,,,,,
,RAMAZAN KIYMET   ( 27/028 ),,HATAY YOLU DEĞİRMENCİ KÖYÜ BEYPINARI MEVKİİ  İSLAHİYE/ GAZİANTEP,Türkiye, Gaziantep,,,,,,,,,36.607534,36.978973,+90 () ,http://www.bpet.com.tr/tr/bayilerimiz/716/ramazan-kiymet,,,,,,,
,ESENDAĞ PETROL   ( 24/008 ),,ATATÜRK MAHALLESİ E-80 KARAYOLU ÜZERİ NO:50 (Ada:228  Pafta:İ44B23B4  Parsel:14) TERCAN/ ERZİNCAN,Türkiye, Erzincan,,,,,,,,,40.383258,39.776091,+90 (446) 4413599,http://www.bpet.com.tr/tr/bayilerimiz/120/esendag-petrol,,,,,,,
,KARATAŞ PETROL   ( 25/023 ),,YENİ MAHALLE E-80 KARAYOLU SOKAK NO:132 (PAFTA:İ46.A02.C ADA:- PARSEL:597) AZİZİYE / ERZURUM,Türkiye, Erzurum,,,,,,,,,41.041666,39.972500,+90 () ,http://www.bpet.com.tr/tr/bayilerimiz/126/karatas-petrol,,,,,,,
,SELİM YILDIRIM   ( 23/007 ),,BAHÇELİEVLER MAHALLESİ ELAZIĞ YOLU KOVANCILAR/ELAZIĞ,Türkiye, Elazığ,,,,,,,,,39.860000,38.714166,+90 (424) 6113010,http://www.bpet.com.tr/tr/bayilerimiz/104/selim-yildirim,,,,,,,
,OKUYUCU KARDEŞLER PETROL   ( 23/032 ),,SANAYİ MAH. SANTRAL CAD. NO:30 (ADA:1778 PARSEL:11) MERKEZ/  ELAZIĞ,Türkiye, Elazığ,,,,,,,,,39.244977,38.665885,+90 (424) 2243155,http://www.bpet.com.tr/tr/bayilerimiz/116/okuyucu-kardesler-petrol,,,,,,,
,AKÇAKİRAZ PETROL   ( 23/031 ),,BİNGÖL KARAYOLU 7. KM ( ADA:81 PARSEL:117 ) AKÇAKİRAZ MERKEZ/ ELAZIĞ,Türkiye, Elazığ,,,,,,,,,39.278298,38.622302,+90 (424) 2555831,http://www.bpet.com.tr/tr/bayilerimiz/117/akcakiraz-petrol,,,,,,,
,S-M PETROL   ( 23/030 ),,ZAFER MAHALLESİ DİYARBAKIR  CAD. NO:106 (PARSEL:2702) AKÇAKİRAZ / ELAZIĞ,Türkiye, Elazığ,,,,,,,,,39.255062,38.598572,+90 (424) 2551327,http://www.bpet.com.tr/tr/bayilerimiz/118/s-m-petrol,,,,,,,
,FIRDOLAŞ PETROL   ( 23/029 ),,ELAZIĞ MALATYA YOLU 33.KM (PAFTA: L42 A 01 AD PARSEL:90) MERKEZ/ ELAZIĞ,Türkiye, Elazığ,,,,,,,,,39.010262,38.476258,+90 (424) 2861010,http://www.bpet.com.tr/tr/bayilerimiz/661/firdolas-petrol,,,,,,,
,BİLİCİLER PETROL   ( 23/023 ),,YENİ MAH. KÖPRÜ CAD. NO:4 PALU / ELAZIĞ,Türkiye, Elazığ,,,,,,,,,39.932991,38.692318,+90 (424) 6513388,http://www.bpet.com.tr/tr/bayilerimiz/115/biliciler-petrol,,,,,,,
,AKBULUT PETROL   ( 23/022 ),,DOĞUKENT MAH. MİMAR SİNAN CAD. NO: 127/ ELAZIĞ,Türkiye, Elazığ,,,,,,,,,39.255730,38.679829,+90 (424) 2250553,http://www.bpet.com.tr/tr/bayilerimiz/114/akbulut-petrol,,,,,,,
,YILDIZ PETROL   ( 23/021 ),,DEĞİRMENBAŞI MAHALLESİ ELAZIĞ YOLU CADDESİ 7/A (PAFTA:4 ADA:257 PARSEL 1) KEBAN / ELAZIĞ,Türkiye, Elazığ,,,,,,,,,38.751132,38.788657,+90 (424) 5712333,http://www.bpet.com.tr/tr/bayilerimiz/113/yildiz-petrol,,,,,,,
,ZAİMOĞLU PETROL   ( 23/019 ),,RÜSTEMPAŞA MAH. CAHİT DOLAKAY CAD. NO:11 ELAZIĞ,Türkiye, Elazığ,,,,,,,,,39.229833,38.666773,+90 (424) 2333435,http://www.bpet.com.tr/tr/bayilerimiz/112/zaimoglu-petrol,,,,,,,
,NURİ BAYDAŞ   ( 23/017 ),,YENİKÖY YOLÇATI MEVKİİ KARAKOÇAN / ELAZIĞ,Türkiye, Elazığ,,,,,,,,,40.063797,38.923126,+90 (424) 7114202,http://www.bpet.com.tr/tr/bayilerimiz/110/nuri-baydas,,,,,,,
,ERDOĞAN KAYA   ( 24/007 ),,KAVAKYOLU BELDESİ CUMHURİYET MAHALLESİ SİVAS CADDESİ NO:2 / ERZİNCAN,Türkiye, Erzincan,,,,,,,,,39.457778,39.751269,+90 (446) 2240228,http://www.bpet.com.tr/tr/bayilerimiz/121/erdogan-kaya,,,,,,,
,BEKO PETROL   ( 23/016 ),,ELAZIĞ-MALATYA YOLU 45 KM (110 ADA7 PARSEL)BASKİL / ELAZIĞ,Türkiye, Elazığ,,,,,,,,,38.848333,38.453333,+90 (424) 5271666,http://www.bpet.com.tr/tr/bayilerimiz/109/beko-petrol,,,,,,,
,YARCEL PETROL   ( 23/015 ),,SİTE MAH. OKULLAR CAD. NO:2 ALACAKAYA/ ELAZIĞ,Türkiye, Elazığ,,,,,,,,,39.861944,38.461944,+90 () ,http://www.bpet.com.tr/tr/bayilerimiz/108/yarcel-petrol,,,,,,,
,KALE PETROL   ( 23/013 ),,KALEKENT MAH. HACI YASİN BULVARI PALU / ELAZIĞ,Türkiye, Elazığ,,,,,,,,,39.907777,38.698888,+90 (424) 6513388,http://www.bpet.com.tr/tr/bayilerimiz/107/kale-petrol,,,,,,,
,GÖK-SU PETROL   ( 23/008 ),,ELAZIĞ-BİNGÖL YOLU 62.KM TEPEBAĞ KÖYÜ KARŞISI KOVANCILAR/ELAZIĞ,Türkiye, Elazığ,,,,,,,,,39.826666,38.701388,+90 (424) 6117010,http://www.bpet.com.tr/tr/bayilerimiz/105/gok-su-petrol,,,,,,,
,AKÖZDEMİR PETROL   ( 25/019 ),,ERZURUM-PASİNLER YOLUHAMAM DERESİ MEVKİİ 15 KM. ERZURUM,Türkiye, Erzurum,,,,,,,,,41.426666,39.970833,+90 (442) 6772310,http://www.bpet.com.tr/tr/bayilerimiz/124/akozdemir-petrol,,,,,,,
,KALE AKARYAKIT   ( 27/024 ),,YEŞİLOVA MAH. GAZİANTEP CAD. NO:186 ARABAN/ GAZİANTEP,Türkiye, Gaziantep,,,,,,,,,37.671937,37.423267,+90 (342) 6113039,http://www.bpet.com.tr/tr/bayilerimiz/134/kale-akaryakit,,,,,,,
,AHMET YAKAR   ( 27/023 ),,SAHA MAHALLESİ CUMHURİYET CADDESİ NO:53/A NİZİP / GAZİANTEP,Türkiye, Gaziantep,,,,,,,,,37.789621,37.007316,+90 (342) 5178288,http://www.bpet.com.tr/tr/bayilerimiz/133/ahmet-yakar,,,,,,,
,KIYANÇİÇEK PETROL   ( 27/013 ),,SIRASÖĞÜT KÖYÜ ŞAHİNBEY GAZİANTEP,Türkiye, Gaziantep,,,,,,,,,37.108055,37.052222,+90 (342) 4451129,http://www.bpet.com.tr/tr/bayilerimiz/130/kiyancicek-petrol,,,,,,,
,ŞAHAN AKARYAKIT   ( 27/018 ),,FATİH MAH.ALPARSLAN TÜRKEŞ BULVARI NO:13 NURDAĞI/GANTEP,Türkiye, Gaziantep,,,,,,,,,36.735000,37.179166,+90 (342) 6713878,http://www.bpet.com.tr/tr/bayilerimiz/131/sahan-akaryakit,,,,,,,
,GÖRENOĞLU PETROL   ( 27/011 ),,GAZİANTEP-KAHRAMANMARAŞ YOLU ÜZERİ AKTOPRAK BELDESİ GAZİANTEP,Türkiye, Gaziantep,,,,,,,,,37.275420,37.180354,+90 (342) 3237593,http://www.bpet.com.tr/tr/bayilerimiz/129/gorenoglu-petrol,,,,,,,
,ŞÜKRÜ HACIALİOĞLU   ( 29/002 ),,TUĞRULBEY MAHALLESİ DÜZHANLAR MEVKİİ TORUL/ GÜMÜŞHANE,Türkiye, Gümüşhane,,,,,,,,,39.296293,40.560906,+90 (456) 6112916,http://www.bpet.com.tr/tr/bayilerimiz/648/sukru-hacialioglu,,,,,,,
,YETER PETROL   ( 31/024 ),,DOĞAN CAD NO.35  SUBAŞI BELDESİ ANTAKYA / HATAY,Türkiye, Hatay,,,,,,,,,36.119722,36.180555,+90 (326) 2832883,http://www.bpet.com.tr/tr/bayilerimiz/146/yeter-petrol,,,,,,,
,ŞAH AKARYAKIT   ( 31/026 ),,UZUNBAĞ BELDESİ ATATÜRK MAHALESİ SAMANDAĞ/ HATAY,Türkiye, Hatay,,,,,,,,,36.048888,36.140833,+90 (326) 5543460,http://www.bpet.com.tr/tr/bayilerimiz/148/sah-akaryakit,,,,,,,
,HARŞİT PETROL   ( 29/001 ),,KALEÖNÜ MAHALLESİ İPEKYOLU CADDESİ NO:209 TEKKE (PAFTA: 6/10 ADA: - PARSEL: 1582) GÜMÜŞHANE,Türkiye, Gümüşhane,,,,,,,,,39.590555,40.417777,+90 (456) 2422686,http://www.bpet.com.tr/tr/bayilerimiz/136/harsit-petrol,,,,,,,
,BEDİRLER PETROL   ( 31/022 ),,CUMHURİYET MAH. SÜLEYMAN DEMİREL CAD. NO.38 NARLICA BELDESİ ANTAKYA /HATAY,Türkiye, Hatay,,,,,,,,,36.210277,36.243333,+90 (326) 3229824,http://www.bpet.com.tr/tr/bayilerimiz/144/bedirler-petrol,,,,,,,
,OKTAY PETROL   ( 31/021 ),,ÇAMALTI MAHALLESİ ATATÜRK CADDESİ NO: 23 (PAFTA:- ADA: 49 PARSEL: 5) YAYLADAĞI / HATAY,Türkiye, Hatay,,,,,,,,,36.073888,35.900000,+90 (326) 4712057,http://www.bpet.com.tr/tr/bayilerimiz/143/oktay-petrol,,,,,,,
,REİS PETROL   ( 31/019 ),,KIRIKHAN YOLU ÜZERİ 4. KM. AKKERPİÇ KÖYÜ MEVKİ KUMLU/HATAY,Türkiye, Hatay,,,,,,,,,36.414166,36.358888,+90 (326) 4612414,http://www.bpet.com.tr/tr/bayilerimiz/142/reis-petrol,,,,,,,
,ÖZKOZA PETROL   ( 31/012 ),,SAMANDAĞ-ANTAKYA YOLU ÜZERİ UĞUR MUMCU CADDESİ SUTAŞI BELDESİ (Ada:-  Pafta:-  Parsel:-) SAMANDAĞ/ HATAY,Türkiye, Hatay,,,,,,,,,35.993611,36.081111,+90 (326) 5361213,http://www.bpet.com.tr/tr/bayilerimiz/140/ozkoza-petrol,,,,,,,
,DAVUT PETROL   ( 31/006 ),,KIRIKKÖPRÜ MAHALLESİ 817-03 TOPRAKKALE-DÖRTYOL DEVLET KARAYOLU ÜZERİ YEŞİLKÖY DÖRTYOL/ HATAY,Türkiye, Hatay,,,,,,,,,36.182222,36.845833,+90 (326) 7341757,http://www.bpet.com.tr/tr/bayilerimiz/138/davut-petrol,,,,,,,
,MURAT PETROL   ( 33/062 ),,E-5 Karayolu Üzeri Caddesi ( Ada:-  Pafta:-  Parsel:- ) Özbek,Türkiye, Mersin,,,,,,,,,34.930034,36.945827,+90 (324) 6363233,http://www.bpet.com.tr/tr/bayilerimiz/709/murat-petrol,,,,,,,
,ALAN KARDEŞLER PETROL   ( 33/063 ),,YENİCE  MAHALLESİ CEMAL GÜRSEL BULVARI NO:57/A  (ADA:347 PARSEL:7) TARSUS/ MERSİN,Türkiye, Mersin,,,,,,,,,35.052623,36.970899,+90 (324) 6510006,http://www.bpet.com.tr/tr/bayilerimiz/172/alan-kardesler-petrol,,,,,,,
,ÖMER YILMAZ   ( 33/061 ),,KÖPRÜBAŞI İNÖNÜ CAD. CADDESİ GÖKSU MUT/ MERSİN,Türkiye, Mersin,,,,,,,,,33.105351,36.453285,+90 () ,http://www.bpet.com.tr/tr/bayilerimiz/701/omer-yilmaz,,,,,,,
,İPEK PETROL   ( 33/060 ),,GÜNEYLİ MAHALLESİ NO:307/A (ADA:1833 PAFTA:032A21B2D PARSEL:116 ) ERDEMLİ/ MERSİN,Türkiye, Mersin,,,,,,,,,34.040297,36.787083,+90 () ,http://www.bpet.com.tr/tr/bayilerimiz/695/ipek-petrol,,,,,,,
,BPET ELEKTRİK ENERJİSİ PETROL   ( 33/059 ),,ANADOLU MAHALLESİ ATATÜRK BULVARI NO:50/A (PAFTA: 25-V-IV ADA: 126 PARSEL:1) AKDENİZ/MERSİN,Türkiye, Mersin,,,,,,,,,34,747961,36,855639,+90 (324) 4513303,http://www.bpet.com.tr/tr/bayilerimiz/660/bpet-elektrik-enerjisi-petrol,,,,,,,
,ÖZEFELER PETROL   ( 33/057 ),,YENİ MAHALLESİ MALAZGİRT BULVARI NO:268/ ULUGÖZ  PAFTA:P31.B3.11B PARSEL:1377) SİLİFKE/MERSİN,Türkiye, Mersin,,,,,,,,,33.936666,36.355277,+90 (324) 7130064,http://www.bpet.com.tr/tr/bayilerimiz/165/ozefeler-petrol,,,,,,,
,CAN PETROL   ( 33/052 ),,FUAT MOREL MAH. 2894.SOKAK NO.64 (PAFTA NO.22.J.4 ADA NO. 5129 PARSEL NO.3) YENİŞEHİR/MERSİN,Türkiye, Mersin,,,,,,,,,34.568437,36.816915,+90 () ,http://www.bpet.com.tr/tr/bayilerimiz/637/can-petrol,,,,,,,
,KAPET PETROL   ( 33/046 ),,HAL MAHALLESİ AKDENİZ CADDESİ NO:2/A (PAFTA:23.P.4 ADA:3410 PARSEL:5) MERSİN,Türkiye, Mersin,,,,,,,,,34.653611,36.822222,+90 (324) 5457100,http://www.bpet.com.tr/tr/bayilerimiz/169/kapet-petrol,,,,,,,
,KAPET PETROL   ( 33/045 ),,AKDENİZ MAHALLESİ ERDEMLİ CADDESİ NO:227/A-229/A KARGIPINARI (PAFTA:29M.IVA ADA:239 PARSEL:1) ERDEMLİ / MERSİN,Türkiye, Mersin,,,,,,,,,34.399722,36.665833,+90 (324) 5457100,http://www.bpet.com.tr/tr/bayilerimiz/168/kapet-petrol,,,,,,,
,KAPET PETROL   ( 33/044 ),,TÖMÜK YEŞİLYURT MAHALLESİ MERSİN BULVARI NO:165A (PAFTA:7 ADA:75 PARSEL:5) ERDEMLİ/MERSİN,Türkiye, Mersin,,,,,,,,,34.380619,36.652439,+90 (324) 5457100,http://www.bpet.com.tr/tr/bayilerimiz/167/kapet-petrol,,,,,,,
,KAPET PETROL   ( 33/043 ),,TEPECİK MAHALLESİ 201 BULVAR NO:68A A.BAHŞİŞ ERDEMLİ / MERSİN,Türkiye, Mersin,,,,,,,,,34.359444,36.644167,+90 (324) 5457100,http://www.bpet.com.tr/tr/bayilerimiz/166/kapet-petrol,,,,,,,
,AKDENİZ TOROS PETROL   ( 33/036 ),,PORTAKAL MAH. AKBELEN CAD. MEZARLIK KARŞISI NO:113 MERSİN,Türkiye, Mersin,,,,,,,,,34.599655,36.818061,+90 (324) 3598234,http://www.bpet.com.tr/tr/bayilerimiz/164/akdeniz-toros-petrol,,,,,,,
,HALİL TANER   ( 33/035 ),,KOYUNCU MH. GÜZELOLUK CD. NO: 427 ERDEMLİ/ MERSİN,Türkiye, Mersin,,,,,,,,,34.273055,36.611149,+90 (324) 7821120,http://www.bpet.com.tr/tr/bayilerimiz/163/halil-taner,,,,,,,
,GÖZNE PETROL   ( 33/034 ),,Y. ŞEMSETTİN MAH. ANKARA BUL. NO: 162/A TARSUS/ MERSİN,Türkiye, Mersin,,,,,,,,,34.937777,36.954444,+90 (324) 5567239,http://www.bpet.com.tr/tr/bayilerimiz/162/gozne-petrol,,,,,,,
,SAĞLIKLI PETROL   ( 33/026 ),,SAĞLIKLI KÖYÜ ( PARSEL:1154) TARSUS/MERSİN,Türkiye, Mersin,,,,,,,,,34.917777,37.040000,+90 (324) 6374184,http://www.bpet.com.tr/tr/bayilerimiz/160/saglikli-petrol,,,,,,,
,TOGAY PETROL   ( 33/022 ),,ELVANLI KÖYÜ  PINARBAŞI KÖY YOLU ÜZERİ ERDEMLİ/ MERSİN,Türkiye, Mersin,,,,,,,,,34.368333,36.702500,+90 (324) 5773414,http://www.bpet.com.tr/tr/bayilerimiz/159/togay-petrol,,,,,,,
,BAKIRCI PETROL   ( 33/021 ),,YENİPAZAR MAHALLESİ GÜNEYKENT YOLU YENİ HAL KUZEYİ MERSİN,Türkiye, Mersin,,,,,,,,,34.647409,36.834837,+90 (324) 2352891,http://www.bpet.com.tr/tr/bayilerimiz/158/bakirci-petrol,,,,,,,
,ZANPET PETROL   ( 33/016 ),,ÇAY MAH.CUMHURİYET BUL.133.CAD. NO: 107  MERSİN,Türkiye, Mersin,,,,,,,,,34.691769,36.833028,+90 (324) 2214343,http://www.bpet.com.tr/tr/bayilerimiz/157/zanpet-petrol,,,,,,,
,GÜLNAR PETROL   ( 33/003 ),,YEŞİLOVACIK KASABASI OVACIK MAH. SİLİFKE/MERSİN,Türkiye, Mersin,,,,,,,,,33.663333,36.188611,+90 (324) 7475204,http://www.bpet.com.tr/tr/bayilerimiz/155/gulnar-petrol,,,,,,,
,TUNASAN PETROL   ( 33/009 ),,KARAMAN CAD. NO:66 MUT/MERSİN,Türkiye, Mersin,,,,,,,,,33.364439,36.655120,+90 (324) 7856727,http://www.bpet.com.tr/tr/bayilerimiz/156/tunasan-petrol,,,,,,,
,TOPALAN PETROL   ( 35/029 ),,SUBAŞI TORBALI/ İZMİR,Türkiye, İzmir,,,,,,,,,27.437772,38.105805,+90 () ,http://www.bpet.com.tr/tr/bayilerimiz/705/topalan-petrol,,,,,,,
,HÜR-AK PETROL   ( 35/028 ),,CAMİKEBİR MAHALLESİ NO:11 ERKEKLİ KÜME EVLERİ (PAFTA:17PARSEL:5002) ÖDEMİŞ/ İZMİR,Türkiye, İzmir,,,,,,,,,28.017116,38.139551,+90 (232) 5454750,http://www.bpet.com.tr/tr/bayilerimiz/685/hur-ak-petrol,,,,,,,
,NEBİOĞLU PETROL   ( 35/027 ),,DEVRİM MAHALLESİ 3816 SOKAK NO: 10 (ADA: 15095 PAFTA: - PARSEL: 1) KARABAĞLAR/İZMİR,Türkiye, İzmir,,,,,,,,,27.108577,38.371336,+90 (232) 2712323,http://www.bpet.com.tr/tr/bayilerimiz/645/nebioglu-petrol,,,,,,,
,ALMİN PETROL   ( 35/024 ),,CUMHURİYET MAHALLESİ SANAYİ SİTESİ D BLOK NO:4 BEYDAĞ / İZMİR,Türkiye, İzmir,,,,,,,,,28.209963,38.092270,+90 (232) 4670504,http://www.bpet.com.tr/tr/bayilerimiz/190/almin-petrol,,,,,,,
,MEHMET GÜL PETROL   ( 35/023 ),,TURAN MAHALLESİ DESTABAN MEVKİİ SELÇUK YOLU ÜZERİ 1. KM TİRE / İZMİR,Türkiye, İzmir,,,,,,,,,27.712500,38.083888,+90 (232) 5113607,http://www.bpet.com.tr/tr/bayilerimiz/189/mehmet-gul-petrol,,,,,,,
,ŞAH-PET PETROL   ( 35/022 ),,YELKİ BELDESİ CUMHURİYET MAHALLESİ SEFERİHİSAR YOLU HACI HASAN KUYU MEVKİİ GÜZELBAHÇE / İZMİR,Türkiye, İzmir,,,,,,,,,26.863333,38.342222,+90 (232) 2367027,http://www.bpet.com.tr/tr/bayilerimiz/188/sah-pet-petrol,,,,,,,
,TÜRKPET PETROL   ( 35/021 ),,KOKAROT BAĞLARI MEVKİİ BERGAMA ASFALTI ÇANDARLI / İZMİR,Türkiye, İzmir,,,,,,,,,26.939166,38.938888,+90 (232) 6733002,http://www.bpet.com.tr/tr/bayilerimiz/187/turkpet-petrol,,,,,,,
,BATINAK PETROL   ( 35/016 ),,İZMİR YOLU ÇIKIŞI BEYLİK MEVKİİ BERGAMA / İZMİR,Türkiye, İzmir,,,,,,,,,27.116388,39.071944,+90 (232) 6672222,http://www.bpet.com.tr/tr/bayilerimiz/184/batinak-petrol,,,,,,,
,BATI GRUP PETROL   ( 35/014 ),,KEMALPAŞA CADDESİ NO:24 PINARBAŞI BORNOVA / İZMİR,Türkiye, İzmir,,,,,,,,,27.251315,38.438380,+90 (232) 4790959,http://www.bpet.com.tr/tr/bayilerimiz/182/bati-grup-petrol,,,,,,,
,ATA-KES AKARYAKIT   ( 35/013 ),,MESCİT MAHALLESİ ADNANMENDERES CADDESİ NO:26 (168 ADA 27. M.III.C  PAFTA3 PARSEL ) ZEYTİNDAĞ BERGAMA /İZMİR,Türkiye, İzmir,,,,,,,,,27.065000,38.967222,+90 (232) 6428045,http://www.bpet.com.tr/tr/bayilerimiz/181/ata-kes-akaryakit,,,,,,,
,REFİK ALTUĞ   ( 35/012 ),,AYAZKENT BELDESİ SANAYİ BÖLGESİ BERGAMA / İZMİR,Türkiye, İzmir,,,,,,,,,27.328056,39.178889,+90 (232) 6441439,http://www.bpet.com.tr/tr/bayilerimiz/180/refik-altug,,,,,,,
,SAFİRAY PETROL   ( 35/010 ),,YOLÜSTÜ KÖYÜ 1755 PARSEL ÖDEMİŞ / İZMİR,Türkiye, İzmir,,,,,,,,,28.020277,38.212500,+90 (232) 5635200,http://www.bpet.com.tr/tr/bayilerimiz/179/safiray-petrol,,,,,,,
,REFİK ALTUĞ   ( 35/006 ),,FEVZİPAŞA MAHALLESİ ADNAN MENDERES CADDESİ GERDEME MEVKİİ GÖÇBEYLİ BERGAMA / İZMİR,Türkiye, İzmir,,,,,,,,,27.409722,39.216389,+90 (232) 6441439,http://www.bpet.com.tr/tr/bayilerimiz/178/refik-altug,,,,,,,
,HASKÖY PETROL   ( 35/003 ),,MEKTEP MAHALLESİ KAZIMDİRİK CADDESİ NO:50 ÇIRPI BAYINDIR/İZMİR,Türkiye, İzmir,,,,,,,,,27.496111,38.171944,+90 (232) 5836441,http://www.bpet.com.tr/tr/bayilerimiz/177/haskoy-petrol,,,,,,,
,CAN-PA PETROL   ( 36/002 ),,DİGOR YOLU ÜZERİ 1. KM KARS,Türkiye, Kars,,,,,,,,,43.115000,40.597222,+90 (474) 2127420,http://www.bpet.com.tr/tr/bayilerimiz/193/can-pa-petrol,,,,,,,
,MURAT KARAKURT   ( 36/001 ),,KARAKURT KÖYÜ SARIKAMIŞ /KARS,Türkiye, Kars,,,,,,,,,42.600277,40.162222,+90 (474) 4327028,http://www.bpet.com.tr/tr/bayilerimiz/192/murat-karakurt,,,,,,,
,BATINAK PETROL   ( 35/015 ),,ŞEHİTLER CAD. NO:182 MERSİNLİ KONAK / İZMİR,Türkiye, İzmir,,,,,,,,,27.170134,38.433042,+90 (232) 4699088,http://www.bpet.com.tr/tr/bayilerimiz/183/batinak-petrol,,,,,,,
,TURAN ÖZCAN PETROL   ( 35/020 ),,SANAYİ CADDESİ NO:27 (PAFTA:490-IID ADA:296 PARSEL:5) ARMUTLU KEMALPAŞA / İZMİR,Türkiye, İzmir,,,,,,,,,27.534245,38.412538,+90 (232) 8866675,http://www.bpet.com.tr/tr/bayilerimiz/186/turan-ozcan-petrol,,,,,,,
,TAÇPET AKARYAKIT   ( 38/026 ),,KAYSERİ-ANKARA KARAYOLU KALKANCIK KÖYÜ 37.KM HİMMETDEDE KASABASI K34A13B PAFTA 2215 PARSEL KOCASİNAN / KAYSERİ,Türkiye, Kayseri,,,,,,,,,35.142500,38.883055,+90 (388) 5412778,http://www.bpet.com.tr/tr/bayilerimiz/199/tacpet-akaryakit,,,,,,,
,YEŞİLKENT PETROL   ( 38/025 ),,YEŞİLKENT KASABASI (PAFTA:L36B.19C ADA:189 PARSEL:2) SARIZ / KAYSERİ,Türkiye, Kayseri,,,,,,,,,36.448764,38.304901,+90 () ,http://www.bpet.com.tr/tr/bayilerimiz/206/yesilkent-petrol,,,,,,,
,HACI MEHMET KESKİN   ( 38/020 ),,MUSTAFA KEMAL PAŞA MAHALLESİ İSTASYON CADDESİ NO:1 KARAÖZÜ KASABASI (PAFTA:J35C09B10A ADA:115 PARSEL:96) SARIOĞLAN / KAYSERİ,Türkiye, Kayseri,,,,,,,,,35.938889,39.183889,+90 (352) 6339082,http://www.bpet.com.tr/tr/bayilerimiz/201/haci-mehmet-keskin,,,,,,,
,ERKEKLER PETROL   ( 38/013 ),,BAHÇELİ MAH. CUMHURİYET CAD. NO :6  SARIZ / KAYSERİ,Türkiye, Kayseri,,,,,,,,,36.495277,38.481388,+90 (352) 5612535,http://www.bpet.com.tr/tr/bayilerimiz/198/erkekler-petrol,,,,,,,
,SOYLU PETROL   ( 38/012 ),,CUMHURİYET MAH. ATATÜRK BULVARI NO:50 FELAHİYE/ KAYSERİ,Türkiye, Kayseri,,,,,,,,,35.562500,39.086388,+90 (352) 7912029,http://www.bpet.com.tr/tr/bayilerimiz/197/soylu-petrol,,,,,,,
,İPEKYOLU AKARYAKIT   ( 38/009 ),,KAYSERİ-NEVŞEHİR YOLU ÜZERİ 30.KM ( K34-D-08-A-2-B PAFTA 154 ADA 21 PARSEL ) İNCESU/ KAYSERİ,Türkiye, Kayseri,,,,,,,,,35.120833,38.694444,+90 (352) 8747710,http://www.bpet.com.tr/tr/bayilerimiz/196/ipekyolu-akaryakit,,,,,,,
,NORM PETROL   ( 22/006 ),,İZZETİYE MAHALLESİ İZZETİYE SOKAĞI NO:469/1(PAFTA:2  PARSEL:1040) KEŞAN/ EDİRNE,Türkiye, Edirne,,,,,,,,,26.637812,40.825176,+90 (282) 5241134,http://www.bpet.com.tr/tr/bayilerimiz/691/norm-petrol,,,,,,,
,KARE PETROL   ( 22/004 ),,KAVACIK KÖYÜ (PAFTA: 17 ADA: 168 PARSEL: 39) UZUNKÖPRÜ/EDİRNE,Türkiye, Edirne,,,,,,,,,26.663694,41.184225,+90 (212) 4424504,http://www.bpet.com.tr/tr/bayilerimiz/103/kare-petrol,,,,,,,
,ÖZPET PETROL   ( 22/005 ),,KURTBEY KÖYÜ UZUNKÖPRÜ / EDİRNE,Türkiye, Edirne,,,,,,,,,26.581286,41.143129,+90 () ,http://www.bpet.com.tr/tr/bayilerimiz/102/ozpet-petrol,,,,,,,
,ATLIHANLAR PETROL   ( 21/024 ),,İSTASYON MAH. ERGANİ - ÇERMİK KARAYOLU 1. KM. ERGANİ / D.BAKIR,Türkiye, Diyarbakır,,,,,,,,,39.741111,38.260555,+90 (412) 6117890,http://www.bpet.com.tr/tr/bayilerimiz/88/atlihanlar-petrol,,,,,,,
,ÖZPOLAT KARDEŞLER PETROL   ( 21/023 ),,DERE  MAH. BEYAZ TOPRAK KÜME EVLERİ NO: 15 EĞİL / DİYARBAKIR,Türkiye, Diyarbakır,,,,,,,,,40.082777,38.220000,+90 (412) 5851345,http://www.bpet.com.tr/tr/bayilerimiz/87/ozpolat-kardesler-petrol,,,,,,,
,HACI ÇELİK   ( 21/019 ),,DİYARBAKIR-SİVEREK YOL AYRIMI ÇERMİK/DİYARBAKIR,Türkiye, Diyarbakır,,,,,,,,,39.471944,38.139722,+90 (412) 4612199,http://www.bpet.com.tr/tr/bayilerimiz/86/haci-celik,,,,,,,
,KILIÇ PETROL   ( 21/026 ),,KAYA MAH. KOKULUPINAR CAD. KOCAKÖY /DİYARBAKIR,Türkiye, Diyarbakır,,,,,,,,,40.505000,38.291388,+90 (412) 8112083,http://www.bpet.com.tr/tr/bayilerimiz/89/kilic-petrol,,,,,,,
,TURBO AKARYAKIT   ( 21/017 ),,KARŞIYAKA MAH.ÇERMİK YOLU ÜZERİ ÇÜNGÜŞ/ DİYARBAKIR,Türkiye, Diyarbakır,,,,,,,,,39.306327,38.206741,+90 (412) 5412403,http://www.bpet.com.tr/tr/bayilerimiz/85/turbo-akaryakit,,,,,,,
,ER-YIL PETROL   ( 21/010 ),,ALİBARDAK KÖYÜ /DİYARBAKIR,Türkiye, Diyarbakır,,,,,,,,,40.436666,38.104722,+90 (412) 3223032,http://www.bpet.com.tr/tr/bayilerimiz/83/er-yil-petrol,,,,,,,
,ATAKAY PETROL   ( 21/048 ),,27 MAYIS MAHALLESİ ERGANİ CADDESİ NO:240 ( ADA:134  PAFTA:L44-A-17-A-1  PARSEL:5 ) DİCLE/ DİYARBAKIR,Türkiye, Diyarbakır,,,,,,,,,40.059645,38.342375,+90 () ,http://www.bpet.com.tr/tr/bayilerimiz/699/atakay-petrol,,,,,,,
,SELMANÇELİK AKARYAKIT   ( 21/047 ),,SELMAN KÖYÜ  MAHALLESİ SELMAN KÖYÜ SOKAK NO:1 ( ADA:105 PAFTA:X143-D09-C PARSEL:11 ) ERGANİ/ DİYARBAKIR,Türkiye, Diyarbakır,,,,,,,,,39.697021,38.152691,+90 () ,http://www.bpet.com.tr/tr/bayilerimiz/651/selmancelik-akaryakit,,,,,,,
,EKİN PETROL   ( 21/042 ),,URFA YOLU 20. KM PARSEL: 526 / DİYARBAKIR,Türkiye, Diyarbakır,,,,,,,,,40.018953,37.893579,+90 (412) 2253263,http://www.bpet.com.tr/tr/bayilerimiz/100/ekin-petrol,,,,,,,
,MİRHAT PETROL   ( 21/046 ),,KARAHASAN MAHALLESİ HALİS TOPRAK BULVARI NO:2(ADA:478  PAFTA:L45-A-08-B-1-B  PARSEL:198) LİCE/ DİYARBAKIR,Türkiye, Diyarbakır,,,,,,,,,40.632222,38.449444,+90 (412) 8612250,http://www.bpet.com.tr/tr/bayilerimiz/98/mirhat-petrol,,,,,,,
,ÖZ TEPE ÇELEBİ PETROL   ( 21/045 ),,BAHÇELİEVLER MAHALLESİ MERKEZ CADDESİ NO:189 (PARSEL:645) TEPE BİSMİL/ DİYARBAKIR,Türkiye, Diyarbakır,,,,,,,,,40.752886,37.793799,+90 (412) 4262323,http://www.bpet.com.tr/tr/bayilerimiz/671/oz-tepe-celebi-petrol,,,,,,,
,POLAT PETROL   ( 21/038 ),,CUMHURİYET MAHALLESİ ELAZIĞ BULVARI NO:50 (PAFTA: 6 ADA: - PARSEL:401) YENİŞEHİR/DİYARBAKIR,Türkiye, Diyarbakır,,,,,,,,,40.209722,37.935555,+90 (412) 2622700,http://www.bpet.com.tr/tr/bayilerimiz/97/polat-petrol,,,,,,,
,ÖRENKUYU PETROL   ( 21/037 ),,ELAZIĞ YOLU ÜZERİ 8. KM. ÜÇKUYU MEVKİİ DİYARBAKIR,Türkiye, Diyarbakır,,,,,,,,,40.133333,37.993888,+90 (412) 3390478,http://www.bpet.com.tr/tr/bayilerimiz/96/orenkuyu-petrol,,,,,,,
,OĞULTAN PETROL   ( 21/034 ),,MAPA YOLU 10. KM. YAYTAŞ KÖYÜ / DİYARBAKIR,Türkiye, Diyarbakır,,,,,,,,,40.135219,38.069206,+90 (488) 2138120,http://www.bpet.com.tr/tr/bayilerimiz/94/ogultan-petrol,,,,,,,
,FAYSEL SÜNÜK   ( 21/033 ),,YUKARI KAYA KÖYÜ SİLVAN DİYARBAKIR,Türkiye, Diyarbakır,,,,,,,,,40.651111,38.071388,+90 (412) 2251005,http://www.bpet.com.tr/tr/bayilerimiz/93/faysel-sunuk,,,,,,,
,HINCIS PETROL   ( 21/032 ),,SİLVAN YOLU 14 KM KARAÇALI KÖYÜ MEVKİİ DİYARBAKIR,Türkiye, Diyarbakır,,,,,,,,,40.318849,37.951586,+90 (412) 3261130,http://www.bpet.com.tr/tr/bayilerimiz/92/hincis-petrol,,,,,,,
,SAYAR PETROL   ( 21/027 ),,FATİH MAH. MEZARLIK TAVŞANTEPE  MEVKİİ MARDİN YOLU ÇIKIŞI 1 KM (PAFTA:49KII.A. ADA:219 PARSEL:196) ÇINAR / DİYARBAKIR,Türkiye, Diyarbakır,,,,,,,,,40.427351,37.709696,+90 (412) 5112943,http://www.bpet.com.tr/tr/bayilerimiz/90/sayar-petrol,,,,,,,
,SIRPETROL   ( 11/007 ),,CUMHURİYET MAHALLESİ BOZÜYÜK CADDESİ NO.60 ( ADA:34  PAFTA:30L1A  PARSEL:61 ) SÖĞÜT/ BİLECİK,Türkiye, Bilecik,,,,,,,,,30.166037,40.024441,+90 () ,http://www.bpet.com.tr/tr/bayilerimiz/728/sirpetrol,,,,,,,
,HALİS ÇİMEN   ( 11/006 ),,İSTASYON MAHALLESİ ATATÜRK BULVARI NO:1 VEZİRHAN BELDESİ/ BİLECİK,Türkiye, Bilecik,,,,,,,,,30.023666,40.243429,+90 (228) 2331406,http://www.bpet.com.tr/tr/bayilerimiz/659/halis-cimen,,,,,,,
